#include "CarouselIconAssets.h"

const uint16_t CAROUSEL_ICON_WIFI[CAROUSEL_ICON_PIXELS] PROGMEM = {
    0x0001, 0x0001, 0x0001, 0x0001, 0x0001, 0x0001, 0x0001, 0x0001, 0x0001, 0x0001, 0x0001, 0x0001,
    0x0001, 0x0001, 0x0001, 0x0001, 0x0001, 0x0001, 0x0001, 0x0001, 0x0001, 0x0001, 0x0001, 0x0001,
    0x0001, 0x0001, 0x0001, 0x0001, 0x0001, 0x0001, 0x0001, 0x0001, 0x0001, 0x0001, 0x0001, 0x0001,
    0x0001, 0x0001, 0x0001, 0x0001, 0x0001, 0x0001, 0x0001, 0x0001, 0x0001, 0x0001, 0x0001, 0x0001,
    0x0001, 0x0001, 0x0001, 0x0001, 0x0001, 0x0001, 0x0001, 0x0001, 0x0001, 0x0001, 0x0001, 0x0001,
    0x0001, 0x0001, 0x0001, 0x0001, 0x0001, 0x0001, 0x0001, 0x0001, 0x0001, 0x0001, 0x0001, 0x0001,
    0x0001, 0x0001, 0x0001, 0x0001, 0x0001, 0x0001, 0x0001, 0x0001, 0x0001, 0x0001, 0x0001, 0x0001,
    0x0001, 0x0001, 0x0001, 0x0001, 0x0001, 0x0001, 0x0001, 0x0001, 0x0001, 0x0001, 0x0001, 0x0001,
    0x0001, 0x0001, 0x0001, 0x0001, 0x0001, 0x0001, 0x0001, 0x0001, 0x0001, 0x0001, 0x0001, 0x0001,
    0x0001, 0x0001, 0x0001, 0x0001, 0x0001, 0x0001, 0x0001, 0x0001, 0x0001, 0x0001, 0x0001, 0x0001,
    0x0001, 0x0001, 0x0001, 0x0001, 0x0001, 0x0001, 0x0001, 0x0001, 0x0001, 0x0001, 0x0001, 0x0001,
    0x0001, 0x0001, 0x0001, 0x0001, 0x0001, 0x0001, 0x0001, 0x0001, 0x0001, 0x0001, 0x0001, 0x0001,
    0x0001, 0x0001, 0x0001, 0x0001, 0x0001, 0x0001, 0x0001, 0x0001, 0x0001, 0x0001, 0x0001, 0x0001,
    0x0001, 0x0001, 0x0001, 0x0001, 0x0001, 0x0001, 0x0001, 0x0001, 0x0001, 0x0001, 0x0001, 0x0001,
    0x0001, 0x0001, 0x0001, 0x0001, 0x0001, 0x0001, 0x0001, 0x0001, 0x0001, 0x0001, 0x0001, 0x0001,
    0x0001, 0x0001, 0x0001, 0x0001, 0x0001, 0x0001, 0x0001, 0x0001, 0x0001, 0x0001, 0x0001, 0x0001,
    0x0001, 0x0001, 0x0001, 0x0001, 0x0001, 0x0001, 0x0001, 0x0001, 0x0001, 0x0001, 0x0001, 0x0001,
    0x0001, 0x0001, 0x0001, 0x0001, 0x0001, 0x0001, 0x0001, 0x0001, 0x0001, 0x0001, 0x0001, 0x0001,
    0x0001, 0x0001, 0x0001, 0x0001, 0x0001, 0x0001, 0x0001, 0x0001, 0x0001, 0x0001, 0x0001, 0x0001,
    0x0001, 0x0001, 0x0001, 0x0001, 0x0001, 0x0001, 0x0001, 0x0001, 0x0001, 0x0001, 0x0001, 0x0001,
    0x0001, 0x0001, 0x0001, 0x0001, 0x0001, 0x0001, 0x0001, 0x0001, 0x0001, 0x0001, 0x0001, 0x0001,
    0x0001, 0x0001, 0x0001, 0x0001, 0x0001, 0x0001, 0x0001, 0x0001, 0x0001, 0x0001, 0x0001, 0x0001,
    0x0001, 0x0001, 0x0001, 0x0001, 0x0001, 0x0001, 0x0001, 0x0001, 0x0001, 0x0001, 0x0001, 0x0001,
    0x0001, 0x0001, 0x0001, 0x0001, 0x0001, 0x0001, 0x0001, 0x0001, 0x0001, 0x0001, 0x0001, 0x0001,
    0x0001, 0x0001, 0x0001, 0x0001, 0x0001, 0x0001, 0x0001, 0x0001, 0x0001, 0x0001, 0x0001, 0x0001,
    0x0001, 0x0001, 0x0001, 0x0001, 0x0001, 0x0001, 0x0001, 0x0001, 0x0001, 0x0001, 0x0001, 0x0001,
    0x0001, 0x0001, 0x0001, 0x0001, 0x0001, 0x0001, 0x0001, 0x0001, 0x0001, 0x0001, 0x0001, 0x0001,
    0x0001, 0x0001, 0x0001, 0x0001, 0x0001, 0x0001, 0x0001, 0x0001, 0x0001, 0x0001, 0x0001, 0x0001,
    0x0001, 0x0001, 0x0001, 0x0001, 0x0001, 0x0001, 0x0001, 0x0001, 0x0001, 0x0001, 0x0001, 0x0001,
    0x0001, 0x0001, 0x0001, 0x0001, 0x0001, 0x0001, 0x0001, 0x0001, 0x0001, 0x0001, 0x0001, 0x0001,
    0x0001, 0x0001, 0x0001, 0x0001, 0x0001, 0x0001, 0x0001, 0x0001, 0x0001, 0x0001, 0x0001, 0x0001,
    0x0001, 0x0001, 0x0001, 0x0001, 0x0001, 0x0001, 0x0001, 0x0001, 0x0001, 0x0001, 0x0001, 0x0001,
    0x0001, 0x0001, 0x0001, 0x0001, 0x0001, 0x0001, 0x0001, 0x0001, 0x0001, 0x0001, 0x0001, 0x0001,
    0x0001, 0x0001, 0x0001, 0x0001, 0x0001, 0x0001, 0x0001, 0x0001, 0x0001, 0x0001, 0x0001, 0x0001,
    0x0001, 0x0001, 0x0001, 0x0001, 0x0001, 0x0001, 0x0001, 0x0001, 0x0001, 0x0001, 0x0001, 0x0001,
    0x0001, 0x0001, 0x0001, 0x0001, 0x0001, 0x0001, 0x0001, 0x0001, 0x0001, 0x0001, 0x0001, 0x0001,
    0x0001, 0x0001, 0x0001, 0x0001, 0x0001, 0x0001, 0x0001, 0x0001, 0x0001, 0x0001, 0x0001, 0x0001,
    0x0001, 0x0001, 0x0001, 0x0001, 0x0001, 0x0001, 0x0001, 0x0001, 0x0001, 0x0001, 0x0001, 0x0001,
    0x0001, 0x0001, 0x0001, 0x0001, 0x0001, 0x0001, 0x0001, 0x0001, 0x0001, 0x0001, 0x0001, 0x0001,
    0x0001, 0x0001, 0x0001, 0x0001, 0x0001, 0x0001, 0x0001, 0x0001, 0x0001, 0x0001, 0x0001, 0x0001,
    0x0001, 0x0001, 0x0001, 0x0001, 0x0001, 0x0001, 0x0001, 0x0001, 0x0001, 0x0001, 0x0001, 0x0001,
    0x0001, 0x0001, 0x0001, 0x0001, 0x0001, 0x0001, 0x0001, 0x0001, 0x0001, 0x0001, 0x0001, 0x0001,
    0x0001, 0x0001, 0x0001, 0x0001, 0x0001, 0x0001, 0x0001, 0x0001, 0x0001, 0x0001, 0x0001, 0x0001,
    0x0001, 0x0001, 0x0001, 0x0001, 0x0001, 0x0001, 0x0001, 0x0001, 0x0001, 0x0001, 0x0001, 0x0001,
    0x0001, 0x0001, 0x0001, 0x0001, 0x0001, 0x0001, 0x0001, 0x0001, 0x0001, 0x0001, 0x0001, 0x0001,
    0x0001, 0x0001, 0x0001, 0x0001, 0x0001, 0x0001, 0x0001, 0x0001, 0x0001, 0x0001, 0x0001, 0x0001,
    0x0001, 0x0001, 0x0001, 0x0001, 0x0001, 0x0001, 0x0001, 0x0001, 0x0001, 0x0001, 0x0001, 0x0001,
    0x0001, 0x0001, 0x0001, 0x0001, 0x0001, 0x0001, 0x0001, 0x0001, 0x0001, 0x0001, 0x0001, 0x0001,
    0x0001, 0x0001, 0x0001, 0x0001, 0x0001, 0x0001, 0x0001, 0x0001, 0x0001, 0x0001, 0x0001, 0x0001,
    0x0001, 0x0001, 0x0001, 0x0001, 0x0001, 0x0001, 0x0001, 0x0001, 0x0001, 0x0001, 0x0001, 0x0001,
    0x0001, 0x0001, 0x0001, 0x0001, 0x0001, 0x0001, 0x0001, 0x0001, 0x00A4, 0x0168, 0x022B, 0x02CD,
    0x034F, 0x0370, 0x032F, 0x028C, 0x01EA, 0x0126, 0x0001, 0x0001, 0x0001, 0x0001, 0x0001, 0x0001,
    0x0001, 0x0001, 0x0001, 0x0001, 0x0001, 0x0001, 0x0001, 0x0001, 0x0001, 0x0001, 0x0001, 0x0001,
    0x0001, 0x0001, 0x0001, 0x0001, 0x0001, 0x0001, 0x0001, 0x0001, 0x0001, 0x0001, 0x0001, 0x0001,
    0x0001, 0x0001, 0x0001, 0x0001, 0x0001, 0x0001, 0x0001, 0x0001, 0x0001, 0x0001, 0x0001, 0x0001,
    0x0001, 0x0001, 0x0001, 0x0001, 0x0001, 0x0001, 0x0001, 0x0001, 0x0001, 0x0001, 0x0001, 0x0001,
    0x0001, 0x0001, 0x0001, 0x0001, 0x0001, 0x0188, 0x0370, 0x1558, 0x3E9C, 0x6F7F, 0x8FFF, 0xA7FF,
    0xB7FF, 0xB7FF, 0xAFFF, 0x9FFF, 0x7FBF, 0x571E, 0x2E1A, 0x0C95, 0x02AD, 0x00E5, 0x0001, 0x0001,
    0x0001, 0x0001, 0x0001, 0x0001, 0x0001, 0x0001, 0x0001, 0x0001, 0x0001, 0x0001, 0x0001, 0x0001,
    0x0001, 0x0001, 0x0001, 0x0001, 0x0001, 0x0001, 0x0001, 0x0001, 0x0001, 0x0001, 0x0001, 0x0001,
    0x0001, 0x0001, 0x0001, 0x0001, 0x0001, 0x0001, 0x0001, 0x0001, 0x0001, 0x0001, 0x0001, 0x0001,
    0x0001, 0x0001, 0x0001, 0x0001, 0x0001, 0x0001, 0x0001, 0x0001, 0x0001, 0x0001, 0x0001, 0x0001,
    0x0001, 0x0001, 0x08A4, 0x02CE, 0x1D99, 0x677F, 0xB7FF, 0xEFFF, 0xFFFF, 0xFFFF, 0xFFDF, 0xFFDF,
    0xFFBE, 0xFFBE, 0xFFBE, 0xFFDF, 0xFFDF, 0xFFFF, 0xFFFF, 0xD7FF, 0x97FF, 0x46BD, 0x0475, 0x01C9,
    0x0001, 0x0001, 0x0001, 0x0001, 0x0001, 0x0001, 0x0001, 0x0001, 0x0001, 0x0001, 0x0001, 0x0001,
    0x0001, 0x0001, 0x0001, 0x0001, 0x0001, 0x0001, 0x0001, 0x0001, 0x0001, 0x0001, 0x0001, 0x0001,
    0x0001, 0x0001, 0x0001, 0x0001, 0x0001, 0x0001, 0x0001, 0x0001, 0x0001, 0x0001, 0x0001, 0x0001,
    0x0001, 0x0001, 0x0001, 0x0001, 0x0001, 0x0001, 0x0001, 0x0001, 0x0001, 0x0001, 0x0001, 0x0001,
    0x0001, 0x02EE, 0x2E3B, 0x97FF, 0xEFFF, 0xFFFF, 0xFFBE, 0xFFBF, 0xF7BF, 0xEFBF, 0xEFBF, 0xF7BF,
    0xF7BE, 0xF7BE, 0xF7BE, 0xEFBF, 0xEFBE, 0xEFBF, 0xF7BF, 0xFFBF, 0xFFDF, 0xFFFF, 0xCFFF, 0x677F,
    0x0CF7, 0x0189, 0x0001, 0x0001, 0x0001, 0x0001, 0x0001, 0x0001, 0x0001, 0x0001, 0x0001, 0x0001,
    0x0001, 0x0001, 0x0001, 0x0001, 0x0001, 0x0001, 0x0001, 0x0001, 0x0001, 0x0001, 0x0001, 0x0001,
    0x0001, 0x0001, 0x0001, 0x0001, 0x0001, 0x0001, 0x0001, 0x0001, 0x0001, 0x0001, 0x0001, 0x0001,
    0x0001, 0x0001, 0x0001, 0x0001, 0x0001, 0x0001, 0x0001, 0x0001, 0x0001, 0x0001, 0x0001, 0x01A9,
    0x1579, 0x8FFF, 0xF7FF, 0xFFDE, 0xF7BF, 0xEFDF, 0xEFBF, 0xEFDE, 0xEFFF, 0xE7FF, 0xD7FF, 0xC7FF,
    0xB7FF, 0xB7FF, 0xBFFF, 0xC7FF, 0xD7FF, 0xE7FF, 0xEFDF, 0xEFBE, 0xE7BF, 0xEFBF, 0xFFBE, 0xFFDF,
    0xD7FF, 0x573F, 0x03D3, 0x08A4, 0x0001, 0x0001, 0x0001, 0x0001, 0x0001, 0x0001, 0x0001, 0x0001,
    0x0001, 0x0001, 0x0001, 0x0001, 0x0001, 0x0001, 0x0001, 0x0001, 0x0001, 0x0001, 0x0001, 0x0001,
    0x0001, 0x0001, 0x0001, 0x0001, 0x0001, 0x0001, 0x0001, 0x0001, 0x0001, 0x0001, 0x0001, 0x0001,
    0x0001, 0x0001, 0x0001, 0x0001, 0x0001, 0x0001, 0x0001, 0x0001, 0x0001, 0x0001, 0x0330, 0x4F1F,
    0xDFFF, 0xFFDE, 0xEFDF, 0xE7DF, 0xE7BE, 0xE7FF, 0xC7FF, 0x97FF, 0x5F7F, 0x369C, 0x1D98, 0x0CD6,
    0x0454, 0x0433, 0x0C94, 0x1517, 0x25DA, 0x46DD, 0x77DF, 0xA7FF, 0xD7FF, 0xE7DF, 0xDFBE, 0xDFDF,
    0xF7BF, 0xFFFF, 0xAFFF, 0x1DBA, 0x0188, 0x0001, 0x0001, 0x0001, 0x0001, 0x0001, 0x0001, 0x0001,
    0x0001, 0x0001, 0x0001, 0x0001, 0x0001, 0x0001, 0x0001, 0x0001, 0x0001, 0x0001, 0x0001, 0x0001,
    0x0001, 0x0001, 0x0001, 0x0001, 0x0001, 0x0001, 0x0001, 0x0001, 0x0001, 0x0001, 0x0001, 0x0001,
    0x0001, 0x0001, 0x0001, 0x0001, 0x0001, 0x0001, 0x0001, 0x0001, 0x0001, 0x0455, 0x87DF, 0xFFDF,
    0xEFBE, 0xD7DF, 0xDFBF, 0xD7FF, 0xA7FF, 0x575F, 0x1558, 0x0350, 0x0189, 0x08A4, 0x0001, 0x0001,
    0x0001, 0x0001, 0x0001, 0x0001, 0x0001, 0x00E5, 0x022B, 0x0413, 0x263B, 0x6FDF, 0xB7FF, 0xD7DE,
    0xD7BF, 0xD7DF, 0xF7BE, 0xD7FF, 0x3EDE, 0x024C, 0x0001, 0x0001, 0x0001, 0x0001, 0x0001, 0x0001,
    0x0001, 0x0001, 0x0001, 0x0001, 0x0001, 0x0001, 0x0001, 0x0001, 0x0001, 0x0001, 0x0001, 0x0001,
    0x0001, 0x0001, 0x0001, 0x0001, 0x0001, 0x0001, 0x0001, 0x0001, 0x0001, 0x0001, 0x0001, 0x0001,
    0x0001, 0x0001, 0x0001, 0x0001, 0x0001, 0x0001, 0x0001, 0x0001, 0x14B6, 0x97FF, 0xF7DE, 0xD7DF,
    0xCFDF, 0xD7DF, 0xA7FF, 0x471E, 0x0434, 0x0189, 0x0001, 0x0001, 0x0001, 0x0001, 0x0001, 0x0001,
    0x0001, 0x0001, 0x0001, 0x0001, 0x0001, 0x0001, 0x0001, 0x0001, 0x08A4, 0x028D, 0x1559, 0x67BF,
    0xBFFF, 0xCFBE, 0xC7DF, 0xDFBE, 0xDFFF, 0x4F3F, 0x026C, 0x0001, 0x0001, 0x0001, 0x0001, 0x0001,
    0x0001, 0x0001, 0x0001, 0x0001, 0x0001, 0x0001, 0x0001, 0x0001, 0x0001, 0x0001, 0x0001, 0x0001,
    0x0001, 0x0001, 0x0001, 0x0001, 0x0001, 0x0001, 0x0001, 0x0001, 0x0001, 0x0001, 0x0001, 0x0001,
    0x0001, 0x0001, 0x0001, 0x0001, 0x0001, 0x0001, 0x0001, 0x0107, 0x4F5F, 0xEFDE, 0xC7BF, 0xC7BE,
    0xBFFF, 0x6FDF, 0x0CD7, 0x0168, 0x0001, 0x0001, 0x0001, 0x0001, 0x0001, 0x0001, 0x0001, 0x0001,
    0x0001, 0x0001, 0x0001, 0x0001, 0x0001, 0x0001, 0x0001, 0x0001, 0x0001, 0x0001, 0x0001, 0x02AE,
    0x265D, 0x97FF, 0xC7DE, 0xBFDF, 0xD7BE, 0xC7FF, 0x0CD8, 0x0001, 0x0001, 0x0001, 0x0001, 0x0001,
    0x0001, 0x0001, 0x0001, 0x0001, 0x0001, 0x0001, 0x0001, 0x0001, 0x0001, 0x0001, 0x0001, 0x0001,
    0x0001, 0x0001, 0x0001, 0x0001, 0x0001, 0x0001, 0x0001, 0x0001, 0x0001, 0x0001, 0x0001, 0x0001,
    0x0001, 0x0001, 0x0001, 0x0001, 0x0001, 0x0001, 0x0001, 0x0001, 0x03F3, 0x6FFF, 0xCFDE, 0xAFFF,
    0x3EFF, 0x02EF, 0x0001, 0x0001, 0x0001, 0x0001, 0x0001, 0x0001, 0x0001, 0x00C4, 0x0188, 0x024B,
    0x02CD, 0x02EE, 0x02CD, 0x022B, 0x0167, 0x0001, 0x0001, 0x0001, 0x0001, 0x0001, 0x0001, 0x0001,
    0x0106, 0x04B7, 0x6FFF, 0xC7DE, 0xB7FF, 0x36DE, 0x01CA, 0x0001, 0x0001, 0x0001, 0x0001, 0x0001,
    0x0001, 0x0001, 0x0001, 0x0001, 0x0001, 0x0001, 0x0001, 0x0001, 0x0001, 0x0001, 0x0001, 0x0001,
    0x0001, 0x0001, 0x0001, 0x0001, 0x0001, 0x0001, 0x0001, 0x0001, 0x0001, 0x0001, 0x0001, 0x0001,
    0x0001, 0x0001, 0x0001, 0x0001, 0x0001, 0x0001, 0x0001, 0x0001, 0x0001, 0x03F4, 0x5FDF, 0x2E5D,
    0x01CA, 0x0001, 0x0001, 0x0001, 0x0001, 0x0001, 0x00E5, 0x030F, 0x1557, 0x46BC, 0x6F9F, 0x8FFF,
    0xA7FF, 0xA7FF, 0x9FFF, 0x8FFF, 0x675F, 0x365B, 0x0495, 0x026C, 0x0001, 0x0001, 0x0001, 0x0001,
    0x0001, 0x0001, 0x03D3, 0x57BF, 0x36BE, 0x01EB, 0x0001, 0x0001, 0x0001, 0x0001, 0x0001, 0x0001,
    0x0001, 0x0001, 0x0001, 0x0001, 0x0001, 0x0001, 0x0001, 0x0001, 0x0001, 0x0001, 0x0001, 0x0001,
    0x0001, 0x0001, 0x0001, 0x0001, 0x0001, 0x0001, 0x0001, 0x0001, 0x0001, 0x0001, 0x0001, 0x0001,
    0x0001, 0x0001, 0x0001, 0x0001, 0x0001, 0x0001, 0x0001, 0x0001, 0x0001, 0x0001, 0x020B, 0x0127,
    0x0001, 0x0001, 0x0001, 0x0001, 0x00E6, 0x0413, 0x3EDD, 0x9FFF, 0xE7FF, 0xFFFF, 0xFFFF, 0xFFDF,
    0xFFDF, 0xFFBF, 0xFFDF, 0xFFDF, 0xFFFF, 0xFFFF, 0xD7FF, 0x87DF, 0x25FB, 0x02CE, 0x0001, 0x0001,
    0x0001, 0x0001, 0x0001, 0x020B, 0x0148, 0x0001, 0x0001, 0x0001, 0x0001, 0x0001, 0x0001, 0x0001,
    0x0001, 0x0001, 0x0001, 0x0001, 0x0001, 0x0001, 0x0001, 0x0001, 0x0001, 0x0001, 0x0001, 0x0001,
    0x0001, 0x0001, 0x0001, 0x0001, 0x0001, 0x0001, 0x0001, 0x0001, 0x0001, 0x0001, 0x0001, 0x0001,
    0x0001, 0x0001, 0x0001, 0x0001, 0x0001, 0x0001, 0x0001, 0x0001, 0x0001, 0x0001, 0x0001, 0x0001,
    0x0001, 0x0001, 0x0001, 0x02AD, 0x2E7D, 0xB7FF, 0xFFFF, 0xFFBE, 0xEFBF, 0xE7BF, 0xE7BE, 0xE7BE,
    0xE7BE, 0xE7DE, 0xE7BE, 0xE7BE, 0xE7BF, 0xE7BF, 0xEFBE, 0xFFDF, 0xEFFF, 0x87FF, 0x0D38, 0x0127,
    0x0001, 0x0001, 0x0001, 0x0001, 0x0001, 0x0001, 0x0001, 0x0001, 0x0001, 0x0001, 0x0001, 0x0001,
    0x0001, 0x0001, 0x0001, 0x0001, 0x0001, 0x0001, 0x0001, 0x0001, 0x0001, 0x0001, 0x0001, 0x0001,
    0x0001, 0x0001, 0x0001, 0x0001, 0x0001, 0x0001, 0x0001, 0x0001, 0x0001, 0x0001, 0x0001, 0x0001,
    0x0001, 0x0001, 0x0001, 0x0001, 0x0001, 0x0001, 0x0001, 0x0001, 0x0001, 0x0001, 0x0001, 0x0001,
    0x0001, 0x0001, 0x03F3, 0x6FBF, 0xEFFF, 0xF7BE, 0xDFBF, 0xD7BE, 0xDFDF, 0xCFFF, 0xB7FF, 0x97FF,
    0x87FF, 0x7FFF, 0x8FFF, 0x9FFF, 0xBFFF, 0xD7FF, 0xD7BE, 0xCFBF, 0xDFBF, 0xF7DE, 0xC7FF, 0x2E9D,
    0x01EA, 0x0001, 0x0001, 0x0001, 0x0001, 0x0001, 0x0001, 0x0001, 0x0001, 0x0001, 0x0001, 0x0001,
    0x0001, 0x0001, 0x0001, 0x0001, 0x0001, 0x0001, 0x0001, 0x0001, 0x0001, 0x0001, 0x0001, 0x0001,
    0x0001, 0x0001, 0x0001, 0x0001, 0x0001, 0x0001, 0x0001, 0x0001, 0x0001, 0x0001, 0x0001, 0x0001,
    0x0001, 0x0001, 0x0001, 0x0001, 0x0001, 0x0001, 0x0001, 0x0001, 0x0001, 0x0001, 0x0001, 0x0001,
    0x0001, 0x0330, 0x87FF, 0xEFDE, 0xD7BF, 0xC7BF, 0xCFDF, 0xAFFF, 0x6FDF, 0x2E7C, 0x0CD6, 0x03B1,
    0x02EE, 0x02AD, 0x032F, 0x0413, 0x1579, 0x3F1E, 0x87FF, 0xBFFF, 0xCFBE, 0xBFDF, 0xD7BE, 0xD7FF,
    0x36BE, 0x0906, 0x0001, 0x0001, 0x0001, 0x0001, 0x0001, 0x0001, 0x0001, 0x0001, 0x0001, 0x0001,
    0x0001, 0x0001, 0x0001, 0x0001, 0x0001, 0x0001, 0x0001, 0x0001, 0x0001, 0x0001, 0x0001, 0x0001,
    0x0001, 0x0001, 0x0001, 0x0001, 0x0001, 0x0001, 0x0001, 0x0001, 0x0001, 0x0001, 0x0001, 0x2187,
    0x42CC, 0x10E4, 0x0001, 0x0001, 0x0001, 0x0001, 0x0001, 0x0001, 0x0001, 0x0001, 0x0001, 0x0001,
    0x0001, 0x02CE, 0x6FDF, 0xCFDE, 0xBFBE, 0xB7FF, 0x5FBF, 0x0D59, 0x026C, 0x00A4, 0x0001, 0x0001,
    0x0001, 0x0001, 0x0001, 0x0001, 0x0001, 0x0127, 0x0371, 0x267C, 0x87FF, 0xBFDE, 0xBFBE, 0xB7FF,
    0x2E5D, 0x08E5, 0x0001, 0x0001, 0x0001, 0x0001, 0x0001, 0x0001, 0x0001, 0x0001, 0x0001, 0x0001,
    0x0062, 0x29C8, 0x3A8B, 0x10C4, 0x0001, 0x0001, 0x0001, 0x0001, 0x0001, 0x0001, 0x0001, 0x0001,
    0x0001, 0x0001, 0x0001, 0x0001, 0x0001, 0x0001, 0x0001, 0x0001, 0x0001, 0x0001, 0x08A3, 0x42ED,
    0x5B4F, 0x2125, 0x0062, 0x0001, 0x0001, 0x0001, 0x0001, 0x0001, 0x0001, 0x0001, 0x0001, 0x0001,
    0x0001, 0x0001, 0x0392, 0x5FDF, 0x9FFF, 0x2E9D, 0x02AE, 0x0001, 0x0001, 0x0001, 0x0001, 0x0001,
    0x0001, 0x0001, 0x0001, 0x0001, 0x0001, 0x0001, 0x0001, 0x00E5, 0x0455, 0x579F, 0x9FFF, 0x269D,
    0x01A9, 0x0001, 0x0001, 0x0001, 0x0001, 0x0001, 0x0001, 0x0001, 0x0001, 0x0001, 0x0001, 0x0001,
    0x0862, 0x3A29, 0x5B90, 0x21C8, 0x0001, 0x0001, 0x0001, 0x0001, 0x0001, 0x0001, 0x0001, 0x0001,
    0x0001, 0x0001, 0x0001, 0x0001, 0x0001, 0x0001, 0x0001, 0x0001, 0x0001, 0x0001, 0x0083, 0x0905,
    0x0841, 0x2146, 0x0862, 0x0001, 0x0001, 0x0001, 0x0001, 0x0001, 0x0001, 0x0001, 0x0001, 0x0001,
    0x0001, 0x0001, 0x0001, 0x0330, 0x0CD7, 0x0147, 0x0001, 0x0001, 0x0001, 0x0001, 0x0001, 0x08A4,
    0x0147, 0x0188, 0x0106, 0x0001, 0x0001, 0x0001, 0x0001, 0x0001, 0x0001, 0x02CE, 0x0D17, 0x0189,
    0x0001, 0x0001, 0x0001, 0x0001, 0x0001, 0x0001, 0x0001, 0x0001, 0x0001, 0x0001, 0x0001, 0x0862,
    0x10E4, 0x10E4, 0x0862, 0x08E5, 0x0001, 0x0001, 0x0001, 0x0001, 0x0001, 0x0001, 0x0001, 0x0001,
    0x0001, 0x0001, 0x0001, 0x0001, 0x0001, 0x0001, 0x0001, 0x0001, 0x0001, 0x0001, 0x0001, 0x0925,
    0x08E4, 0x1925, 0x10C4, 0x0862, 0x0001, 0x0001, 0x0001, 0x0001, 0x0001, 0x0001, 0x0001, 0x0001,
    0x0001, 0x0001, 0x0001, 0x0001, 0x0001, 0x0001, 0x0001, 0x0001, 0x0001, 0x024B, 0x0CF6, 0x3E9C,
    0x675E, 0x6F7F, 0x573E, 0x261A, 0x03D2, 0x0127, 0x0001, 0x0001, 0x0001, 0x0001, 0x0001, 0x0001,
    0x0001, 0x0001, 0x0001, 0x0001, 0x0001, 0x0001, 0x0001, 0x0001, 0x0001, 0x0001, 0x0001, 0x0062,
    0x2166, 0x10E4, 0x0925, 0x08A4, 0x0001, 0x0001, 0x0001, 0x0001, 0x0001, 0x0001, 0x0001, 0x0001,
    0x0001, 0x0001, 0x0001, 0x0001, 0x0001, 0x0001, 0x0001, 0x0001, 0x0001, 0x0001, 0x0001, 0x0126,
    0x04F5, 0x0946, 0x2126, 0x0062, 0x0001, 0x0001, 0x0001, 0x0001, 0x0001, 0x0001, 0x0001, 0x0001,
    0x0001, 0x0001, 0x0001, 0x0001, 0x0001, 0x0001, 0x0001, 0x00E5, 0x04F7, 0x77DF, 0xDFFF, 0xFFFF,
    0xFFFF, 0xFFFF, 0xFFFF, 0xF7FF, 0xB7FF, 0x3EFE, 0x02EF, 0x0001, 0x0001, 0x0001, 0x0001, 0x0001,
    0x0001, 0x0001, 0x0001, 0x0001, 0x0001, 0x0001, 0x0001, 0x0001, 0x0001, 0x0001, 0x0001, 0x10A3,
    0x2126, 0x02AB, 0x0432, 0x0062, 0x0001, 0x0001, 0x0001, 0x0001, 0x0001, 0x0001, 0x0001, 0x0001,
    0x0001, 0x0001, 0x0001, 0x0001, 0x0001, 0x0001, 0x0001, 0x0001, 0x0001, 0x0001, 0x0001, 0x0083,
    0x0597, 0x02AC, 0x2125, 0x10A3, 0x0001, 0x0001, 0x0001, 0x0001, 0x0001, 0x0001, 0x0001, 0x0001,
    0x0001, 0x0001, 0x0001, 0x0001, 0x0001, 0x0001, 0x0001, 0x1D7A, 0xB7FF, 0xF7DE, 0xE7BF, 0xDFBE,
    0xDFBE, 0xDFBE, 0xDFBE, 0xDFBF, 0xEFBE, 0xE7FF, 0x6FDF, 0x02EF, 0x0001, 0x0001, 0x0001, 0x0001,
    0x0001, 0x0001, 0x0001, 0x0001, 0x0001, 0x0001, 0x0001, 0x0001, 0x0001, 0x0001, 0x0062, 0x1926,
    0x18C4, 0x04B4, 0x036F, 0x0001, 0x0001, 0x0001, 0x0001, 0x0001, 0x0001, 0x0001, 0x0001, 0x0001,
    0x0001, 0x0001, 0x0001, 0x0001, 0x0001, 0x0001, 0x0001, 0x0001, 0x0001, 0x0001, 0x0001, 0x0862,
    0x0411, 0x0452, 0x18C4, 0x1925, 0x0062, 0x0001, 0x0001, 0x0001, 0x0001, 0x0001, 0x0001, 0x0001,
    0x0001, 0x0001, 0x0001, 0x0001, 0x0001, 0x0001, 0x0001, 0x1DDB, 0xBFFF, 0xCFBE, 0xCFDF, 0xB7FF,
    0x97FF, 0x8FFF, 0xA7FF, 0xC7FF, 0xBFBE, 0xD7BE, 0x7FFF, 0x0330, 0x0001, 0x0001, 0x0001, 0x0001,
    0x0001, 0x0001, 0x0001, 0x0001, 0x0001, 0x0001, 0x0001, 0x0001, 0x0001, 0x0001, 0x0883, 0x2167,
    0x0925, 0x05B8, 0x01A8, 0x0001, 0x0001, 0x0001, 0x0001, 0x0001, 0x0001, 0x0001, 0x0001, 0x0001,
    0x0001, 0x0001, 0x0001, 0x0001, 0x0001, 0x0001, 0x0001, 0x0001, 0x0001, 0x0001, 0x0001, 0x0001,
    0x024A, 0x05D8, 0x0905, 0x2166, 0x0882, 0x0001, 0x0001, 0x0001, 0x0001, 0x0001, 0x0001, 0x0001,
    0x0001, 0x0001, 0x0001, 0x0001, 0x0001, 0x0001, 0x0001, 0x0168, 0x167D, 0x9FFF, 0x67BF, 0x1DBA,
    0x03F3, 0x0371, 0x0C96, 0x2EBE, 0x97FF, 0x6FFF, 0x0414, 0x0001, 0x0001, 0x0001, 0x0001, 0x0001,
    0x0001, 0x0001, 0x0001, 0x0001, 0x0001, 0x0001, 0x0001, 0x0001, 0x0001, 0x0062, 0x1905, 0x2125,
    0x026A, 0x0598, 0x0083, 0x0001, 0x0001, 0x0001, 0x0001, 0x0001, 0x0001, 0x0001, 0x0001, 0x0001,
    0x0001, 0x0001, 0x0001, 0x0001, 0x0001, 0x0001, 0x0001, 0x0001, 0x0001, 0x0001, 0x0001, 0x0001,
    0x00C4, 0x0619, 0x0209, 0x2126, 0x10E4, 0x0062, 0x0001, 0x0001, 0x0001, 0x0001, 0x0001, 0x0001,
    0x0001, 0x0001, 0x0001, 0x0001, 0x0001, 0x0001, 0x0001, 0x0001, 0x0168, 0x0CF7, 0x02EF, 0x0001,
    0x0001, 0x0001, 0x0001, 0x0127, 0x0495, 0x03B2, 0x0001, 0x0001, 0x0001, 0x0001, 0x0001, 0x0001,
    0x0001, 0x0001, 0x0001, 0x0001, 0x0001, 0x0001, 0x0001, 0x0001, 0x0001, 0x0862, 0x2167, 0x18A3,
    0x0452, 0x0453, 0x0062, 0x0001, 0x0001, 0x0001, 0x0001, 0x0001, 0x0001, 0x0001, 0x0001, 0x0001,
    0x0001, 0x0001, 0x0001, 0x0001, 0x0001, 0x0001, 0x0001, 0x0001, 0x0001, 0x0001, 0x0001, 0x0001,
    0x0062, 0x04F5, 0x03F1, 0x18A4, 0x2166, 0x0862, 0x0001, 0x0001, 0x0001, 0x0001, 0x0001, 0x0001,
    0x0001, 0x0001, 0x0001, 0x0001, 0x0001, 0x0001, 0x0001, 0x0001, 0x0001, 0x0001, 0x0001, 0x0001,
    0x0167, 0x020A, 0x00C4, 0x0001, 0x0001, 0x0001, 0x0001, 0x0001, 0x0001, 0x0001, 0x0001, 0x0001,
    0x0001, 0x0001, 0x0001, 0x0001, 0x0001, 0x0001, 0x0001, 0x0001, 0x0001, 0x10C4, 0x2987, 0x08C4,
    0x05D8, 0x028B, 0x0001, 0x0001, 0x0001, 0x0001, 0x0001, 0x0001, 0x0001, 0x0001, 0x0001, 0x0001,
    0x0001, 0x0001, 0x0001, 0x0001, 0x0001, 0x0001, 0x0001, 0x0001, 0x0001, 0x0001, 0x0001, 0x0001,
    0x0001, 0x032E, 0x0597, 0x08C4, 0x2167, 0x10A3, 0x0001, 0x0001, 0x0001, 0x0001, 0x0001, 0x0001,
    0x0001, 0x0001, 0x0001, 0x0001, 0x0001, 0x0001, 0x0001, 0x0001, 0x0001, 0x0001, 0x0001, 0x03B2,
    0x5F5F, 0x87DF, 0x2E5C, 0x01C9, 0x0001, 0x0001, 0x0001, 0x0001, 0x0001, 0x0001, 0x0001, 0x0001,
    0x0001, 0x0001, 0x0001, 0x0001, 0x0001, 0x0001, 0x0001, 0x0001, 0x0862, 0x2146, 0x2125, 0x01E8,
    0x063A, 0x00E5, 0x0001, 0x0001, 0x0001, 0x0001, 0x0001, 0x0001, 0x0001, 0x0001, 0x0001, 0x0001,
    0x0001, 0x0001, 0x0001, 0x0001, 0x0001, 0x0001, 0x0001, 0x0001, 0x0001, 0x0001, 0x0001, 0x0001,
    0x0001, 0x0167, 0x065B, 0x0187, 0x2125, 0x1925, 0x0062, 0x0001, 0x0001, 0x0001, 0x0001, 0x0001,
    0x0001, 0x0001, 0x0001, 0x0001, 0x0001, 0x0001, 0x0001, 0x0001, 0x0001, 0x0001, 0x020B, 0x6FDF,
    0xFFFF, 0xFFDE, 0xEFFF, 0x25DA, 0x0001, 0x0001, 0x0001, 0x0001, 0x0001, 0x0001, 0x0001, 0x0001,
    0x0001, 0x0001, 0x0001, 0x0001, 0x0001, 0x0001, 0x0001, 0x0001, 0x08A3, 0x2987, 0x10A3, 0x03B0,
    0x0536, 0x0062, 0x0001, 0x0001, 0x0001, 0x0001, 0x0001, 0x0001, 0x0001, 0x0001, 0x0001, 0x0001,
    0x0001, 0x0001, 0x0001, 0x0001, 0x0001, 0x0001, 0x0001, 0x0001, 0x0001, 0x0001, 0x0001, 0x0001,
    0x0001, 0x0063, 0x05D9, 0x034E, 0x18A3, 0x2187, 0x08A3, 0x0001, 0x0001, 0x0001, 0x0001, 0x0001,
    0x0001, 0x0001, 0x0001, 0x0001, 0x0001, 0x0001, 0x0001, 0x0001, 0x0001, 0x0001, 0x0350, 0xA7DF,
    0xE7BE, 0xD7BF, 0xEFDF, 0x56FE, 0x00E6, 0x0001, 0x0001, 0x0001, 0x0001, 0x0001, 0x0001, 0x0001,
    0x0001, 0x0001, 0x0001, 0x0001, 0x0001, 0x0001, 0x0001, 0x0062, 0x1925, 0x2987, 0x0883, 0x05D8,
    0x034F, 0x0001, 0x0001, 0x0001, 0x0001, 0x0001, 0x0001, 0x0001, 0x0001, 0x0001, 0x0001, 0x0001,
    0x0001, 0x0001, 0x0001, 0x0001, 0x0001, 0x0001, 0x0001, 0x0001, 0x0001, 0x0001, 0x0001, 0x0001,
    0x0001, 0x0062, 0x02CD, 0x026B, 0x1083, 0x2187, 0x1083, 0x0001, 0x0001, 0x0001, 0x0001, 0x0001,
    0x0001, 0x0001, 0x0001, 0x0001, 0x0001, 0x0001, 0x0001, 0x0001, 0x0001, 0x0001, 0x020B, 0x5FDF,
    0xC7DF, 0xC7DE, 0xAFFF, 0x1DDB, 0x0001, 0x0001, 0x0001, 0x0001, 0x0001, 0x0001, 0x0001, 0x0001,
    0x0001, 0x0001, 0x0001, 0x0001, 0x0001, 0x0001, 0x0001, 0x0062, 0x1925, 0x2166, 0x0883, 0x036F,
    0x0166, 0x0001, 0x0001, 0x0001, 0x0001, 0x0001, 0x0001, 0x0001, 0x0001, 0x0001, 0x0001, 0x0001,
    0x0001, 0x0001, 0x0001, 0x0001, 0x0001, 0x0001, 0x0001, 0x0001, 0x0001, 0x0001, 0x0001, 0x0001,
    0x0001, 0x0001, 0x00A3, 0x0862, 0x0041, 0x2105, 0x2926, 0x0062, 0x0001, 0x0001, 0x0001, 0x0001,
    0x0001, 0x0001, 0x0001, 0x0001, 0x0001, 0x0001, 0x0001, 0x0001, 0x0001, 0x0001, 0x0001, 0x03F3,
    0x4F9F, 0x67BF, 0x267D, 0x01EA, 0x0001, 0x0001, 0x0001, 0x0001, 0x0001, 0x0001, 0x0001, 0x0001,
    0x0001, 0x0001, 0x0001, 0x0001, 0x0001, 0x0001, 0x0001, 0x0882, 0x2146, 0x10A3, 0x0841, 0x0883,
    0x00A3, 0x0001, 0x0001, 0x0001, 0x0001, 0x0001, 0x0001, 0x0001, 0x0001, 0x0001, 0x0001, 0x0001,
    0x0001, 0x0001, 0x0001, 0x0001, 0x0001, 0x0001, 0x0001, 0x0001, 0x0001, 0x0001, 0x0001, 0x0001,
    0x0001, 0x0001, 0x00A3, 0x00A3, 0x0021, 0x10C4, 0x1083, 0x0041, 0x0001, 0x0001, 0x0001, 0x0001,
    0x0001, 0x0001, 0x0001, 0x0001, 0x0001, 0x0001, 0x0001, 0x0001, 0x0001, 0x0001, 0x0001, 0x0001,
    0x01A9, 0x024C, 0x00E5, 0x0001, 0x0001, 0x0001, 0x0001, 0x0001, 0x0001, 0x0001, 0x0001, 0x0001,
    0x0001, 0x0001, 0x0001, 0x0001, 0x0001, 0x0001, 0x0862, 0x0041, 0x1925, 0x0882, 0x0841, 0x00C4,
    0x0083, 0x0001, 0x0001, 0x0001, 0x0001, 0x0001, 0x0001, 0x0001, 0x0001, 0x0001, 0x0001, 0x0001,
    0x0001, 0x0001, 0x0001, 0x0001, 0x0001, 0x0001, 0x0001, 0x0001, 0x0001, 0x0001, 0x0001, 0x0001,
    0x0001, 0x0001, 0x0083, 0x0062, 0x0000, 0x0800, 0x3166, 0x0946, 0x0229, 0x0001, 0x0001, 0x0001,
    0x0001, 0x0001, 0x0001, 0x0001, 0x0001, 0x0001, 0x0001, 0x0001, 0x0001, 0x0001, 0x0001, 0x0001,
    0x0001, 0x0001, 0x0001, 0x0001, 0x0001, 0x0001, 0x0001, 0x0001, 0x0001, 0x0001, 0x0001, 0x0001,
    0x0001, 0x0001, 0x0001, 0x0001, 0x0001, 0x0905, 0x0229, 0x2967, 0x2105, 0x0800, 0x0041, 0x0083,
    0x0001, 0x0001, 0x0001, 0x0001, 0x0001, 0x0001, 0x0001, 0x0001, 0x0001, 0x0001, 0x0001, 0x0001,
    0x0001, 0x0001, 0x0001, 0x0001, 0x0001, 0x0001, 0x0001, 0x0001, 0x0001, 0x0001, 0x0001, 0x0001,
    0x0001, 0x0001, 0x0001, 0x0105, 0x12ED, 0x0966, 0x3C12, 0x265A, 0x0493, 0x0062, 0x0001, 0x0062,
    0x0083, 0x08A3, 0x08A3, 0x08A3, 0x08A3, 0x08A3, 0x08C4, 0x00E4, 0x0105, 0x0125, 0x0105, 0x0125,
    0x0125, 0x0126, 0x0125, 0x0105, 0x0125, 0x0105, 0x0105, 0x00C4, 0x08A3, 0x08A3, 0x08A3, 0x08A3,
    0x08A3, 0x08A3, 0x0083, 0x0062, 0x0001, 0x0187, 0x063A, 0x3598, 0x1A8B, 0x122A, 0x0A6B, 0x0001,
    0x0001, 0x0001, 0x0001, 0x0001, 0x0001, 0x0001, 0x0001, 0x0001, 0x0001, 0x0001, 0x0001, 0x0001,
    0x0001, 0x0001, 0x0001, 0x0001, 0x0001, 0x0001, 0x0001, 0x0001, 0x0001, 0x0001, 0x0001, 0x0001,
    0x0001, 0x0001, 0x0001, 0x0209, 0x1E9C, 0x0DD8, 0x2DB7, 0x2411, 0x00A3, 0x0883, 0x1105, 0x1146,
    0x1967, 0x1987, 0x1988, 0x1988, 0x1988, 0x19A8, 0x1188, 0x130E, 0x04B4, 0x0453, 0x0473, 0x0473,
    0x0473, 0x0473, 0x0473, 0x0473, 0x0473, 0x0473, 0x0C73, 0x120A, 0x1188, 0x1988, 0x1988, 0x1987,
    0x1987, 0x1988, 0x1167, 0x1126, 0x08C4, 0x0862, 0x09C8, 0x2D36, 0x15B8, 0x165A, 0x1556, 0x0083,
    0x0001, 0x0001, 0x0001, 0x0001, 0x0001, 0x0001, 0x0001, 0x0001, 0x0001, 0x0001, 0x0001, 0x0001,
    0x0001, 0x0001, 0x0001, 0x0001, 0x0001, 0x0001, 0x0001, 0x0001, 0x0001, 0x0001, 0x0001, 0x0001,
    0x0001, 0x0001, 0x0001, 0x00E5, 0x226B, 0x00C4, 0x2187, 0x29A8, 0x10A3, 0x1987, 0x1987, 0x1967,
    0x1988, 0x1988, 0x1988, 0x1987, 0x1967, 0x1947, 0x1947, 0x1167, 0x11E9, 0x11C9, 0x11C9, 0x11E9,
    0x11E9, 0x11C9, 0x11C9, 0x11C9, 0x11C9, 0x11E9, 0x11A8, 0x1946, 0x1947, 0x1946, 0x1967, 0x1988,
    0x1988, 0x19A8, 0x1988, 0x1967, 0x1987, 0x1926, 0x10C4, 0x3A2A, 0x08C4, 0x1187, 0x11E9, 0x0083,
    0x0001, 0x0001, 0x0001, 0x0001, 0x0001, 0x0001, 0x0001, 0x0001, 0x0001, 0x0001, 0x0001, 0x0001,
    0x0001, 0x0001, 0x0001, 0x0001, 0x0001, 0x0001, 0x0001, 0x0001, 0x0001, 0x0001, 0x0001, 0x0001,
    0x0001, 0x0001, 0x0001, 0x08A3, 0x2187, 0x2987, 0x426B, 0x21A8, 0x1988, 0x1946, 0x1925, 0x1925,
    0x1925, 0x2187, 0x21C8, 0x19C9, 0x220A, 0x222B, 0x21EA, 0x222A, 0x220A, 0x222A, 0x222A, 0x21EA,
    0x220A, 0x222A, 0x220A, 0x220A, 0x222A, 0x21E9, 0x222A, 0x1A0A, 0x19EA, 0x224B, 0x19E9, 0x19A8,
    0x21A8, 0x1946, 0x1925, 0x1905, 0x1905, 0x1967, 0x1967, 0x31E9, 0x424A, 0x2166, 0x1946, 0x0062,
    0x0001, 0x0001, 0x0001, 0x0001, 0x0001, 0x0001, 0x0001, 0x0001, 0x0001, 0x0001, 0x0001, 0x0001,
    0x0001, 0x0001, 0x0001, 0x0001, 0x0001, 0x0001, 0x0001, 0x0001, 0x0001, 0x0001, 0x0001, 0x0001,
    0x0001, 0x0001, 0x2187, 0x42ED, 0x534F, 0x63D1, 0x2A09, 0x1946, 0x1905, 0x1925, 0x2146, 0x2146,
    0x2187, 0x21A8, 0x21C8, 0x21E9, 0x1988, 0x0A0A, 0x0D77, 0x0BD1, 0x120A, 0x1946, 0x1988, 0x12AC,
    0x11C9, 0x1967, 0x1967, 0x1967, 0x1987, 0x122A, 0x11A9, 0x0CF5, 0x0C73, 0x1167, 0x21C9, 0x21C8,
    0x21A8, 0x21A8, 0x2187, 0x2146, 0x1946, 0x1905, 0x1925, 0x1967, 0x42CC, 0x63F1, 0x42EE, 0x3A6B,
    0x10C4, 0x0001, 0x0001, 0x0001, 0x0001, 0x0001, 0x0001, 0x0001, 0x0001, 0x0001, 0x0001, 0x0001,
    0x0001, 0x0001, 0x0001, 0x0001, 0x0001, 0x0001, 0x0001, 0x0001, 0x0001, 0x0001, 0x0001, 0x0001,
    0x0001, 0x21A8, 0x4B50, 0x5B50, 0x6390, 0x21C8, 0x1146, 0x2187, 0x1966, 0x2166, 0x1946, 0x21A8,
    0x29E9, 0x2A09, 0x21C8, 0x1905, 0x09A8, 0x0619, 0x0516, 0x034F, 0x034F, 0x0A2A, 0x0926, 0x0453,
    0x09E9, 0x10E5, 0x1105, 0x1126, 0x1146, 0x032E, 0x020A, 0x03B1, 0x05F9, 0x0493, 0x10E5, 0x2167,
    0x29E9, 0x2A0A, 0x21C8, 0x2167, 0x1946, 0x1946, 0x2187, 0x2188, 0x1126, 0x42AC, 0x6BB1, 0x532F,
    0x42EE, 0x10E4, 0x0001, 0x0001, 0x0001, 0x0001, 0x0001, 0x0001, 0x0001, 0x0001, 0x0001, 0x0001,
    0x0001, 0x0001, 0x0001, 0x0001, 0x0001, 0x0001, 0x0001, 0x0001, 0x0001, 0x0001, 0x0001, 0x0001,
    0x2A2A, 0x6454, 0x6413, 0x45B8, 0x12CD, 0x1147, 0x21C8, 0x21A8, 0x21C9, 0x21E9, 0x2A0A, 0x2A2A,
    0x29E9, 0x1946, 0x1925, 0x2187, 0x222A, 0x130E, 0x0A4C, 0x0AEE, 0x0350, 0x0391, 0x0AAD, 0x030E,
    0x11A8, 0x0A8B, 0x0A8B, 0x1126, 0x0ACD, 0x0391, 0x0350, 0x0A4B, 0x0AAD, 0x1AEE, 0x21C9, 0x1966,
    0x1925, 0x2187, 0x2A0A, 0x2A2A, 0x29E9, 0x21E9, 0x21C9, 0x21A8, 0x21C8, 0x0926, 0x2473, 0x5D16,
    0x63F2, 0x53D1, 0x10E4, 0x0001, 0x0001, 0x0001, 0x0001, 0x0001, 0x0001, 0x0001, 0x0001, 0x0001,
    0x0001, 0x0001, 0x0001, 0x0001, 0x0001, 0x0001, 0x0001, 0x0001, 0x0001, 0x0001, 0x0001, 0x326A,
    0x64D6, 0x53B1, 0x63B1, 0x3619, 0x073D, 0x0B4F, 0x19A9, 0x2A2A, 0x2A0A, 0x2A2A, 0x2A0A, 0x2167,
    0x1946, 0x21C8, 0x2A09, 0x21E9, 0x21A8, 0x21A8, 0x1ACD, 0x0BD2, 0x0370, 0x0B4F, 0x0391, 0x03B1,
    0x1188, 0x0B90, 0x0B70, 0x0A8C, 0x03B1, 0x0412, 0x0B2F, 0x13D1, 0x222A, 0x21A8, 0x21C9, 0x2A09,
    0x29E9, 0x2187, 0x1946, 0x21A8, 0x2A2A, 0x2A2A, 0x2209, 0x220A, 0x1188, 0x04F5, 0x075E, 0x54D5,
    0x5B70, 0x6413, 0x5C73, 0x1105, 0x0001, 0x0001, 0x0001, 0x0001, 0x0001, 0x0001, 0x0001, 0x0001,
    0x0001, 0x0001, 0x0001, 0x0001, 0x0001, 0x0001, 0x0001, 0x0001, 0x0001, 0x0001, 0x2A2A, 0x5413,
    0x3ACE, 0x42EE, 0x53B1, 0x8494, 0x5E1A, 0x077E, 0x0432, 0x19CA, 0x220A, 0x21A8, 0x2166, 0x29C8,
    0x2A2A, 0x2A0A, 0x2A09, 0x21E9, 0x2A09, 0x2187, 0x18E5, 0x0CD5, 0x0370, 0x0B50, 0x0350, 0x03D1,
    0x0A8C, 0x0A8C, 0x0AAD, 0x0350, 0x0ACD, 0x0B4F, 0x0453, 0x1B4F, 0x18A3, 0x21E9, 0x21E9, 0x29E9,
    0x29E9, 0x2A2A, 0x2A0A, 0x2188, 0x2167, 0x21C9, 0x220A, 0x120A, 0x05B8, 0x1F3D, 0x8557, 0x7453,
    0x5391, 0x42EE, 0x4B50, 0x4BD1, 0x1105, 0x0001, 0x0001, 0x0001, 0x0001, 0x0001, 0x0001, 0x0001,
    0x0001, 0x0001, 0x0001, 0x0001, 0x0001, 0x0001, 0x0001, 0x0001, 0x0001, 0x00A3, 0x11E9, 0x32AD,
    0x53B2, 0x6433, 0x7494, 0x8D57, 0xB5D9, 0x965B, 0x0F7E, 0x14B4, 0x4A6B, 0x21C9, 0x2A4B, 0x2A2B,
    0x220A, 0x220A, 0x220A, 0x220A, 0x2A2A, 0x21C9, 0x1988, 0x0C95, 0x0B91, 0x0B30, 0x0B71, 0x0A6C,
    0x0B70, 0x0B0F, 0x0ACE, 0x0B71, 0x124B, 0x1968, 0x0C33, 0x1B70, 0x1967, 0x220A, 0x2A0A, 0x2A0A,
    0x220A, 0x220A, 0x220A, 0x2A2B, 0x220A, 0x2A09, 0x4B0D, 0x0639, 0x3F3D, 0xBE3A, 0xA5D9, 0x8516,
    0x7474, 0x6433, 0x4B70, 0x222A, 0x0946, 0x0883, 0x0001, 0x0001, 0x0001, 0x0001, 0x0001, 0x0001,
    0x0001, 0x0001, 0x0001, 0x0001, 0x0001, 0x0001, 0x0001, 0x0001, 0x0001, 0x09C8, 0x0168, 0x0042,
    0x2A09, 0x7453, 0xA5F9, 0xAE3A, 0xC6FD, 0xCE7A, 0x5452, 0x9EFC, 0xADF9, 0x6C32, 0x3A6B, 0x428C,
    0x42AC, 0x42CC, 0x4ACC, 0x42AC, 0x42AC, 0x42AC, 0x42AC, 0x3AED, 0x3ACD, 0x3ACD, 0x3ACD, 0x3A8C,
    0x3AAC, 0x3AAC, 0x3AAC, 0x3ACD, 0x3AAC, 0x3A8C, 0x3ACD, 0x3ACD, 0x42AC, 0x42AC, 0x42AC, 0x42AC,
    0x42AC, 0x42AC, 0x42AC, 0x3A8B, 0x42CC, 0x9536, 0xB67B, 0x763A, 0x7C52, 0xE7BF, 0xBE9B, 0xB65A,
    0x9578, 0x534F, 0x1126, 0x0042, 0x022A, 0x08C4, 0x0001, 0x0001, 0x0001, 0x0001, 0x0001, 0x0001,
    0x0001, 0x0001, 0x0001, 0x0001, 0x0001, 0x0001, 0x0001, 0x0001, 0x0001, 0x130D, 0x1F3D, 0x02ED,
    0x0084, 0x10E5, 0x530E, 0xB65A, 0xDF5E, 0x7411, 0xB61A, 0xBE7B, 0xB65A, 0xC6DC, 0xCEFD, 0xD75E,
    0xF7FF, 0xFFFF, 0xF7FF, 0xC6DD, 0xBE7A, 0xAE19, 0xA5D9, 0xA5B8, 0xA5B8, 0xA5B8, 0xA598, 0x9D98,
    0xA598, 0xA598, 0xA598, 0x9D98, 0x9D98, 0x9DB8, 0xA5B8, 0xA5D9, 0xAE19, 0xB65A, 0xBE7B, 0xCEFD,
    0xD75E, 0xE7BF, 0xDF9F, 0xCF1E, 0xCEDD, 0xBE9C, 0xAE3A, 0xC69C, 0x94F4, 0x9D15, 0xE79F, 0x8CF5,
    0x29E9, 0x0042, 0x0106, 0x0CD4, 0x16DC, 0x08C4, 0x0001, 0x0001, 0x0001, 0x0001, 0x0001, 0x0001,
    0x0001, 0x0001, 0x0001, 0x0001, 0x0001, 0x0001, 0x0001, 0x0001, 0x0001, 0x0987, 0x06DC, 0x0FDF,
    0x15B8, 0x0A0A, 0x00C4, 0x21A8, 0x3432, 0x44D5, 0x5BB0, 0x536F, 0x5B90, 0x5BB0, 0x63D1, 0x6BF1,
    0x7432, 0x7C52, 0x6BF1, 0x63B0, 0x5B90, 0x536F, 0x536F, 0x534F, 0x534F, 0x536F, 0x534F, 0x532F,
    0x534F, 0x534F, 0x532F, 0x4B2E, 0x532F, 0x534F, 0x534F, 0x536F, 0x5B90, 0x5B90, 0x5BB0, 0x63D1,
    0x6BF1, 0x7412, 0x6C12, 0x6BF1, 0x63B0, 0x5BB0, 0x5B90, 0x536F, 0x6412, 0x34F5, 0x32ED, 0x08C4,
    0x00C4, 0x0B2F, 0x0EFC, 0x07FF, 0x04B4, 0x0062, 0x0001, 0x0001, 0x0001, 0x0001, 0x0001, 0x0001,
    0x0001, 0x0001, 0x0001, 0x0001, 0x0001, 0x0001, 0x0001, 0x0001, 0x0001, 0x00A3, 0x01EA, 0x04B4,
    0x07FF, 0x2E5A, 0x11A9, 0x0083, 0x032E, 0x073D, 0x0147, 0x0021, 0x0000, 0x0000, 0x0000, 0x0000,
    0x0000, 0x0000, 0x0000, 0x0000, 0x0000, 0x0021, 0x0021, 0x0022, 0x0022, 0x0000, 0x0042, 0x0042,
    0x0802, 0x1002, 0x0022, 0x0042, 0x0021, 0x0000, 0x0022, 0x0021, 0x0021, 0x0000, 0x0000, 0x0000,
    0x0021, 0x0000, 0x0000, 0x0000, 0x0000, 0x0000, 0x0021, 0x0000, 0x0370, 0x071D, 0x0106, 0x08A4,
    0x22EE, 0x27FF, 0x06FC, 0x0350, 0x0147, 0x0001, 0x0001, 0x0001, 0x0001, 0x0001, 0x0001, 0x0001,
    0x0001, 0x0001, 0x0001, 0x0001, 0x0001, 0x0001, 0x0001, 0x0001, 0x0001, 0x0083, 0x0126, 0x08E6,
    0x0412, 0x3FFF, 0x22AD, 0x0062, 0x08A4, 0x0556, 0x065A, 0x00A4, 0x08A3, 0x0882, 0x0882, 0x0882,
    0x0882, 0x0862, 0x01C8, 0x0597, 0x05D8, 0x0DD8, 0x05D8, 0x05D7, 0x05D8, 0x0556, 0x0166, 0x0842,
    0x814F, 0xD2D9, 0x38A7, 0x0062, 0x02EC, 0x05D8, 0x05B7, 0x05D7, 0x05D8, 0x05D7, 0x05F8, 0x0493,
    0x00C4, 0x0862, 0x0883, 0x0882, 0x0882, 0x0883, 0x0862, 0x022A, 0x079F, 0x02CD, 0x08A4, 0x0063,
    0x3D57, 0x1F7E, 0x020B, 0x0906, 0x00E4, 0x0001, 0x0001, 0x0001, 0x0001, 0x0001, 0x0001, 0x0001,
    0x0001, 0x0001, 0x0001, 0x0001, 0x0001, 0x0001, 0x0001, 0x0001, 0x0001, 0x0001, 0x0082, 0x08C4,
    0x020B, 0x1F9E, 0x44F6, 0x0063, 0x08C4, 0x0106, 0x06BB, 0x0452, 0x0042, 0x0062, 0x0062, 0x0042,
    0x0062, 0x0021, 0x0146, 0x0431, 0x0472, 0x0472, 0x0472, 0x0452, 0x0472, 0x03F0, 0x0105, 0x0821,
    0x816E, 0xD2DA, 0x3846, 0x0041, 0x0209, 0x0452, 0x0452, 0x0472, 0x0452, 0x0452, 0x0472, 0x034E,
    0x0083, 0x0041, 0x0062, 0x0062, 0x0062, 0x0062, 0x00E5, 0x069B, 0x0453, 0x0084, 0x00A3, 0x1147,
    0x475E, 0x0577, 0x0106, 0x00A3, 0x0082, 0x0001, 0x0001, 0x0001, 0x0001, 0x0001, 0x0001, 0x0001,
    0x0001, 0x0001, 0x0001, 0x0001, 0x0001, 0x0001, 0x0001, 0x0001, 0x0001, 0x0001, 0x0001, 0x0082,
    0x00E5, 0x05B8, 0x4F5E, 0x1127, 0x00A3, 0x00A4, 0x020A, 0x06FC, 0x0AAC, 0x1125, 0x1146, 0x1126,
    0x1126, 0x1146, 0x0905, 0x08C4, 0x08E5, 0x08E5, 0x08E5, 0x08E5, 0x08E4, 0x08C4, 0x0905, 0x1125,
    0x20E6, 0x28A6, 0x1905, 0x1125, 0x08E5, 0x08C4, 0x08E4, 0x08E5, 0x08E5, 0x08E5, 0x08C4, 0x08E4,
    0x1126, 0x1126, 0x1126, 0x1126, 0x1146, 0x1126, 0x04F5, 0x05D8, 0x00A5, 0x08E5, 0x0042, 0x3370,
    0x37DF, 0x030F, 0x0083, 0x0062, 0x0001, 0x0001, 0x0001, 0x0001, 0x0001, 0x0001, 0x0001, 0x0001,
    0x0001, 0x0001, 0x0001, 0x0001, 0x0001, 0x0001, 0x0001, 0x0001, 0x0001, 0x0001, 0x0001, 0x0001,
    0x0062, 0x01C9, 0x2517, 0x22AD, 0x0062, 0x08E5, 0x00A4, 0x022A, 0x0A4B, 0x1147, 0x1167, 0x1168,
    0x1188, 0x1188, 0x1188, 0x1188, 0x1188, 0x1188, 0x1188, 0x1188, 0x1188, 0x1188, 0x1188, 0x1168,
    0x1167, 0x1187, 0x1167, 0x1167, 0x1188, 0x1188, 0x1188, 0x1188, 0x1188, 0x1188, 0x1188, 0x1188,
    0x1188, 0x1188, 0x1188, 0x1167, 0x1167, 0x1167, 0x02CD, 0x0167, 0x00C4, 0x00C4, 0x08A3, 0x3454,
    0x0BF2, 0x00C4, 0x0062, 0x0001, 0x0001, 0x0001, 0x0001, 0x0001, 0x0001, 0x0001, 0x0001, 0x0001,
    0x0001, 0x0001, 0x0001, 0x0001, 0x0001, 0x0001, 0x0001, 0x0001, 0x0001, 0x0001, 0x0001, 0x0001,
    0x0001, 0x0062, 0x00C4, 0x222B, 0x10A3, 0x0063, 0x00A4, 0x0084, 0x0042, 0x00C4, 0x00C4, 0x0083,
    0x0083, 0x0083, 0x0083, 0x0083, 0x0083, 0x0083, 0x0083, 0x00A3, 0x00A3, 0x00A3, 0x00A3, 0x0083,
    0x0083, 0x00A3, 0x00A3, 0x0083, 0x0083, 0x0083, 0x00A3, 0x00A3, 0x0083, 0x0083, 0x00A3, 0x0083,
    0x0083, 0x0083, 0x0083, 0x00A3, 0x00C4, 0x0083, 0x0022, 0x00A4, 0x0084, 0x0022, 0x2147, 0x11A9,
    0x0062, 0x0001, 0x0001, 0x0001, 0x0001, 0x0001, 0x0001, 0x0001, 0x0001, 0x0001, 0x0001, 0x0001,
    0x0001, 0x0001, 0x0001, 0x0001, 0x0001, 0x0001, 0x0001, 0x0001, 0x0001, 0x0001, 0x0001, 0x0001,
    0x0001, 0x0001, 0x0001, 0x0925, 0x0C32, 0x038F, 0x038F, 0x036F, 0x02CD, 0x00C4, 0x0062, 0x0001,
    0x0001, 0x0001, 0x0001, 0x0001, 0x0001, 0x0001, 0x0001, 0x0001, 0x0001, 0x0001, 0x0001, 0x0001,
    0x0001, 0x0001, 0x0001, 0x0001, 0x0001, 0x0001, 0x0001, 0x0001, 0x0001, 0x0001, 0x0001, 0x0001,
    0x0001, 0x0001, 0x0001, 0x0062, 0x0062, 0x0167, 0x038F, 0x038F, 0x036F, 0x03F1, 0x034E, 0x0062,
    0x0001, 0x0001, 0x0001, 0x0001, 0x0001, 0x0001, 0x0001, 0x0001, 0x0001, 0x0001, 0x0001, 0x0001,
    0x0001, 0x0001, 0x0001, 0x0001, 0x0001, 0x0001, 0x0001, 0x0001, 0x0001, 0x0001, 0x0001, 0x0001,
    0x0001, 0x0001, 0x0001, 0x0883, 0x028B, 0x03F1, 0x0432, 0x0432, 0x02ED, 0x0062, 0x0062, 0x0001,
    0x0001, 0x0001, 0x0001, 0x0001, 0x0001, 0x0001, 0x0001, 0x0001, 0x0001, 0x0001, 0x0001, 0x0001,
    0x0001, 0x0001, 0x0001, 0x0001, 0x0001, 0x0001, 0x0001, 0x0001, 0x0001, 0x0001, 0x0001, 0x0001,
    0x0001, 0x0001, 0x0001, 0x0001, 0x0062, 0x0126, 0x03D0, 0x0412, 0x0412, 0x03B0, 0x01A7, 0x0001,
    0x0001, 0x0001, 0x0001, 0x0001, 0x0001, 0x0001, 0x0001, 0x0001, 0x0001, 0x0001, 0x0001, 0x0001,
    0x0001, 0x0001, 0x0001, 0x0001, 0x0001, 0x0001, 0x0001, 0x0001, 0x0001, 0x0001, 0x0001, 0x0001,
    0x0001, 0x0001, 0x0001, 0x0001, 0x0001, 0x0862, 0x0062, 0x0062, 0x0862, 0x0001, 0x0001, 0x0001,
    0x0001, 0x0001, 0x0001, 0x0001, 0x0001, 0x0001, 0x0001, 0x0001, 0x0001, 0x0001, 0x0001, 0x0001,
    0x0001, 0x0001, 0x0001, 0x0001, 0x0001, 0x0001, 0x0001, 0x0001, 0x0001, 0x0001, 0x0001, 0x0001,
    0x0001, 0x0001, 0x0001, 0x0001, 0x0001, 0x0001, 0x0062, 0x0062, 0x0062, 0x0001, 0x0001, 0x0001,
    0x0001, 0x0001, 0x0001, 0x0001, 0x0001, 0x0001, 0x0001, 0x0001, 0x0001, 0x0001, 0x0001, 0x0001,
    0x0001, 0x0001, 0x0001, 0x0001, 0x0001, 0x0001, 0x0001, 0x0001, 0x0001, 0x0001, 0x0001, 0x0001,
    0x0001, 0x0001, 0x0001, 0x0001, 0x0001, 0x0001, 0x0001, 0x0001, 0x0001, 0x0001, 0x0001, 0x0001,
    0x0001, 0x0001, 0x0001, 0x0001, 0x0001, 0x0001, 0x0001, 0x0001, 0x0001, 0x0001, 0x0001, 0x0001,
    0x0001, 0x0001, 0x0001, 0x0001, 0x0001, 0x0001, 0x0001, 0x0001, 0x0001, 0x0001, 0x0001, 0x0001,
    0x0001, 0x0001, 0x0001, 0x0001, 0x0001, 0x0001, 0x0001, 0x0001, 0x0001, 0x0001, 0x0001, 0x0001,
    0x0001, 0x0001, 0x0001, 0x0001, 0x0001, 0x0001, 0x0001, 0x0001, 0x0001, 0x0001, 0x0001, 0x0001,
    0x0001, 0x0001, 0x0001, 0x0001, 0x0001, 0x0001, 0x0001, 0x0001, 0x0001, 0x0001, 0x0001, 0x0001,
    0x0001, 0x0001, 0x0001, 0x0001, 0x0001, 0x0001, 0x0001, 0x0001, 0x0001, 0x0001, 0x0001, 0x0001,
    0x0001, 0x0001, 0x0001, 0x0001, 0x0001, 0x0001, 0x0001, 0x0001, 0x0001, 0x0001, 0x0001, 0x0001,
    0x0001, 0x0001, 0x0001, 0x0001, 0x0001, 0x0001, 0x0001, 0x0001, 0x0001, 0x0001, 0x0001, 0x0001,
    0x0001, 0x0001, 0x0001, 0x0001, 0x0001, 0x0001, 0x0001, 0x0001, 0x0001, 0x0001, 0x0001, 0x0001,
    0x0001, 0x0001, 0x0001, 0x0001, 0x0001, 0x0001, 0x0001, 0x0001, 0x0001, 0x0001, 0x0001, 0x0001,
    0x0001, 0x0001, 0x0001, 0x0001, 0x0001, 0x0001, 0x0001, 0x0001, 0x0001, 0x0001, 0x0001, 0x0001,
    0x0001, 0x0001, 0x0001, 0x0001, 0x0001, 0x0001, 0x0001, 0x0001, 0x0001, 0x0001, 0x0001, 0x0001,
    0x0001, 0x0001, 0x0001, 0x0001, 0x0001, 0x0001, 0x0001, 0x0001, 0x0001, 0x0001, 0x0001, 0x0001,
    0x0001, 0x0001, 0x0001, 0x0001, 0x0001, 0x0001, 0x0001, 0x0001, 0x0001, 0x0001, 0x0001, 0x0001,
    0x0001, 0x0001, 0x0001, 0x0001, 0x0001, 0x0001, 0x0001, 0x0001, 0x0001, 0x0001, 0x0001, 0x0001,
    0x0001, 0x0001, 0x0001, 0x0001, 0x0001, 0x0001, 0x0001, 0x0001, 0x0001, 0x0001, 0x0001, 0x0001,
    0x0001, 0x0001, 0x0001, 0x0001, 0x0001, 0x0001, 0x0001, 0x0001, 0x0001, 0x0001, 0x0001, 0x0001,
    0x0001, 0x0001, 0x0001, 0x0001, 0x0001, 0x0001, 0x0001, 0x0001, 0x0001, 0x0001, 0x0001, 0x0001,
    0x0001, 0x0001, 0x0001, 0x0001, 0x0001, 0x0001, 0x0001, 0x0001, 0x0001, 0x0001, 0x0001, 0x0001,
    0x0001, 0x0001, 0x0001, 0x0001, 0x0001, 0x0001, 0x0001, 0x0001, 0x0001, 0x0001, 0x0001, 0x0001,
    0x0001, 0x0001, 0x0001, 0x0001, 0x0001, 0x0001, 0x0001, 0x0001, 0x0001, 0x0001, 0x0001, 0x0001,
    0x0001, 0x0001, 0x0001, 0x0001, 0x0001, 0x0001, 0x0001, 0x0001, 0x0001, 0x0001, 0x0001, 0x0001,
    0x0001, 0x0001, 0x0001, 0x0001, 0x0001, 0x0001, 0x0001, 0x0001, 0x0001, 0x0001, 0x0001, 0x0001,
    0x0001, 0x0001, 0x0001, 0x0001, 0x0001, 0x0001, 0x0001, 0x0001, 0x0001, 0x0001, 0x0001, 0x0001,
    0x0001, 0x0001, 0x0001, 0x0001, 0x0001, 0x0001, 0x0001, 0x0001, 0x0001, 0x0001, 0x0001, 0x0001,
    0x0001, 0x0001, 0x0001, 0x0001, 0x0001, 0x0001, 0x0001, 0x0001, 0x0001, 0x0001, 0x0001, 0x0001,
    0x0001, 0x0001, 0x0001, 0x0001, 0x0001, 0x0001, 0x0001, 0x0001, 0x0001, 0x0001, 0x0001, 0x0001,
    0x0001, 0x0001, 0x0001, 0x0001, 0x0001, 0x0001, 0x0001, 0x0001, 0x0001, 0x0001, 0x0001, 0x0001,
    0x0001, 0x0001, 0x0001, 0x0001, 0x0001, 0x0001, 0x0001, 0x0001, 0x0001, 0x0001, 0x0001, 0x0001,
    0x0001, 0x0001, 0x0001, 0x0001, 0x0001, 0x0001, 0x0001, 0x0001, 0x0001, 0x0001, 0x0001, 0x0001,
    0x0001, 0x0001, 0x0001, 0x0001, 0x0001, 0x0001, 0x0001, 0x0001, 0x0001, 0x0001, 0x0001, 0x0001,
    0x0001, 0x0001, 0x0001, 0x0001, 0x0001, 0x0001, 0x0001, 0x0001, 0x0001, 0x0001, 0x0001, 0x0001,
    0x0001, 0x0001, 0x0001, 0x0001, 0x0001, 0x0001, 0x0001, 0x0001, 0x0001, 0x0001, 0x0001, 0x0001,
    0x0001, 0x0001, 0x0001, 0x0001, 0x0001, 0x0001, 0x0001, 0x0001, 0x0001, 0x0001, 0x0001, 0x0001,
    0x0001, 0x0001, 0x0001, 0x0001, 0x0001, 0x0001, 0x0001, 0x0001, 0x0001, 0x0001, 0x0001, 0x0001,
    0x0001, 0x0001, 0x0001, 0x0001, 0x0001, 0x0001, 0x0001, 0x0001, 0x0001, 0x0001, 0x0001, 0x0001,
    0x0001, 0x0001, 0x0001, 0x0001, 0x0001, 0x0001, 0x0001, 0x0001, 0x0001, 0x0001, 0x0001, 0x0001,
    0x0001, 0x0001, 0x0001, 0x0001, 0x0001, 0x0001, 0x0001, 0x0001, 0x0001, 0x0001, 0x0001, 0x0001,
    0x0001, 0x0001, 0x0001, 0x0001, 0x0001, 0x0001, 0x0001, 0x0001, 0x0001, 0x0001, 0x0001, 0x0001,
    0x0001, 0x0001, 0x0001, 0x0001, 0x0001, 0x0001, 0x0001, 0x0001, 0x0001, 0x0001, 0x0001, 0x0001,
    0x0001, 0x0001, 0x0001, 0x0001, 0x0001, 0x0001, 0x0001, 0x0001, 0x0001, 0x0001, 0x0001, 0x0001,
    0x0001, 0x0001, 0x0001, 0x0001, 0x0001, 0x0001, 0x0001, 0x0001, 0x0001, 0x0001, 0x0001, 0x0001,
    0x0001, 0x0001, 0x0001, 0x0001, 0x0001, 0x0001, 0x0001, 0x0001, 0x0001, 0x0001, 0x0001, 0x0001,
    0x0001, 0x0001, 0x0001, 0x0001, 0x0001, 0x0001, 0x0001, 0x0001, 0x0001, 0x0001, 0x0001, 0x0001,
    0x0001, 0x0001, 0x0001, 0x0001, 0x0001, 0x0001, 0x0001, 0x0001, 0x0001, 0x0001, 0x0001, 0x0001,
    0x0001, 0x0001, 0x0001, 0x0001, 0x0001, 0x0001, 0x0001, 0x0001, 0x0001, 0x0001, 0x0001, 0x0001,
    0x0001, 0x0001, 0x0001, 0x0001, 0x0001, 0x0001, 0x0001, 0x0001, 0x0001, 0x0001, 0x0001, 0x0001,
    0x0001, 0x0001, 0x0001, 0x0001, 0x0001, 0x0001, 0x0001, 0x0001, 0x0001, 0x0001, 0x0001, 0x0001,
    0x0001, 0x0001, 0x0001, 0x0001, 0x0001, 0x0001, 0x0001, 0x0001, 0x0001, 0x0001, 0x0001, 0x0001,
    0x0001, 0x0001, 0x0001, 0x0001, 0x0001, 0x0001, 0x0001, 0x0001, 0x0001, 0x0001, 0x0001, 0x0001,
    0x0001, 0x0001, 0x0001, 0x0001, 0x0001, 0x0001, 0x0001, 0x0001, 0x0001, 0x0001, 0x0001, 0x0001,
    0x0001, 0x0001, 0x0001, 0x0001, 0x0001, 0x0001, 0x0001, 0x0001, 0x0001, 0x0001, 0x0001, 0x0001,
    0x0001, 0x0001, 0x0001, 0x0001, 0x0001, 0x0001, 0x0001, 0x0001, 0x0001, 0x0001, 0x0001, 0x0001,
    0x0001, 0x0001, 0x0001, 0x0001, 0x0001, 0x0001, 0x0001, 0x0001, 0x0001, 0x0001, 0x0001, 0x0001,
    0x0001, 0x0001, 0x0001, 0x0001, 0x0001, 0x0001, 0x0001, 0x0001, 0x0001, 0x0001, 0x0001, 0x0001,
    0x0001, 0x0001, 0x0001, 0x0001, 0x0001, 0x0001, 0x0001, 0x0001, 0x0001, 0x0001, 0x0001, 0x0001,
    0x0001, 0x0001, 0x0001, 0x0001, 0x0001, 0x0001, 0x0001, 0x0001, 0x0001, 0x0001, 0x0001, 0x0001,
    0x0001, 0x0001, 0x0001, 0x0001, 0x0001, 0x0001, 0x0001, 0x0001, 0x0001, 0x0001, 0x0001, 0x0001,
};

const uint16_t CAROUSEL_ICON_RADIO[CAROUSEL_ICON_PIXELS] PROGMEM = {
    0x0001, 0x0001, 0x0001, 0x0001, 0x0001, 0x0001, 0x0001, 0x0001, 0x0001, 0x0001, 0x0001, 0x0001,
    0x0001, 0x0001, 0x0001, 0x0001, 0x0001, 0x0001, 0x0001, 0x0001, 0x0001, 0x0001, 0x0001, 0x0001,
    0x0001, 0x0001, 0x0001, 0x0001, 0x0001, 0x0001, 0x0001, 0x0001, 0x0001, 0x0001, 0x0001, 0x0001,
    0x0001, 0x0001, 0x0001, 0x0001, 0x0001, 0x0001, 0x0001, 0x0001, 0x0001, 0x0001, 0x0001, 0x0001,
    0x0001, 0x0001, 0x0001, 0x0001, 0x0001, 0x0001, 0x0001, 0x0001, 0x0001, 0x0001, 0x0001, 0x0001,
    0x0001, 0x0001, 0x0001, 0x0001, 0x0001, 0x0001, 0x0001, 0x0001, 0x0001, 0x0001, 0x0001, 0x0001,
    0x0001, 0x0001, 0x0001, 0x0001, 0x0001, 0x0001, 0x0001, 0x0001, 0x0001, 0x0001, 0x0001, 0x0001,
    0x0001, 0x0001, 0x0001, 0x0001, 0x0001, 0x0001, 0x0001, 0x0001, 0x0001, 0x0001, 0x0001, 0x0001,
    0x0001, 0x0001, 0x0001, 0x0001, 0x0001, 0x0001, 0x0001, 0x0001, 0x0001, 0x0001, 0x0001, 0x0001,
    0x0001, 0x0001, 0x0001, 0x0001, 0x0001, 0x0001, 0x0001, 0x0001, 0x0001, 0x0001, 0x0001, 0x0001,
    0x0001, 0x0001, 0x0001, 0x0001, 0x0001, 0x0001, 0x0001, 0x0001, 0x0001, 0x0001, 0x0001, 0x0001,
    0x0001, 0x0001, 0x0001, 0x0001, 0x0001, 0x0001, 0x0001, 0x0001, 0x0001, 0x0001, 0x0001, 0x0001,
    0x0001, 0x0001, 0x0001, 0x0001, 0x0001, 0x0001, 0x0001, 0x0001, 0x0001, 0x0001, 0x0001, 0x0001,
    0x0001, 0x0001, 0x0001, 0x0001, 0x0001, 0x0001, 0x0001, 0x0001, 0x0001, 0x0001, 0x0001, 0x0001,
    0x0001, 0x0001, 0x0001, 0x0001, 0x0001, 0x0001, 0x0001, 0x0001, 0x0001, 0x0001, 0x0001, 0x0001,
    0x0001, 0x0001, 0x0001, 0x0001, 0x0001, 0x0001, 0x0001, 0x0001, 0x0001, 0x0001, 0x0001, 0x0001,
    0x0001, 0x0001, 0x0001, 0x0001, 0x0001, 0x0001, 0x0001, 0x0001, 0x0001, 0x0001, 0x0001, 0x0001,
    0x0001, 0x0001, 0x0001, 0x0001, 0x0001, 0x0001, 0x0001, 0x0001, 0x0001, 0x0001, 0x0001, 0x0001,
    0x0001, 0x0001, 0x0001, 0x0001, 0x0001, 0x0001, 0x0001, 0x0001, 0x0001, 0x0001, 0x0001, 0x0001,
    0x0001, 0x0001, 0x0001, 0x0001, 0x0001, 0x0001, 0x0001, 0x0001, 0x0001, 0x0001, 0x0001, 0x0001,
    0x0001, 0x0001, 0x0001, 0x0001, 0x0001, 0x0001, 0x0001, 0x0001, 0x0001, 0x0001, 0x0001, 0x0001,
    0x0001, 0x0001, 0x0001, 0x0001, 0x0001, 0x0001, 0x0001, 0x0001, 0x0001, 0x0001, 0x0001, 0x0001,
    0x0001, 0x0001, 0x0001, 0x0001, 0x0001, 0x0001, 0x0001, 0x0001, 0x0001, 0x0001, 0x0001, 0x0001,
    0x0001, 0x0001, 0x0001, 0x0001, 0x0001, 0x0001, 0x0001, 0x0001, 0x0001, 0x0001, 0x0001, 0x0001,
    0x0001, 0x0001, 0x0001, 0x0001, 0x0001, 0x0001, 0x0001, 0x0001, 0x0001, 0x0001, 0x0001, 0x0001,
    0x0001, 0x0001, 0x0001, 0x0001, 0x0001, 0x0001, 0x0001, 0x0001, 0x0001, 0x0001, 0x0001, 0x0001,
    0x0001, 0x0001, 0x0001, 0x0001, 0x0001, 0x0001, 0x0001, 0x0001, 0x0001, 0x0001, 0x0001, 0x0001,
    0x0001, 0x0001, 0x0001, 0x0001, 0x0001, 0x0001, 0x0001, 0x0001, 0x0001, 0x0001, 0x0001, 0x0001,
    0x0001, 0x0001, 0x0001, 0x0001, 0x0001, 0x0001, 0x0001, 0x0001, 0x0001, 0x0001, 0x0001, 0x0001,
    0x0001, 0x0001, 0x0001, 0x0001, 0x0001, 0x0001, 0x0001, 0x0001, 0x0001, 0x0001, 0x0001, 0x0001,
    0x0001, 0x0001, 0x0001, 0x0001, 0x0001, 0x0001, 0x0001, 0x0001, 0x0001, 0x0001, 0x0001, 0x0062,
    0x0862, 0x0001, 0x0001, 0x0001, 0x0001, 0x0001, 0x0001, 0x0001, 0x0001, 0x0001, 0x0001, 0x0001,
    0x0001, 0x0001, 0x0001, 0x0001, 0x0001, 0x0001, 0x0001, 0x0001, 0x0001, 0x0001, 0x0001, 0x0001,
    0x0001, 0x0001, 0x0001, 0x0001, 0x0001, 0x0001, 0x0001, 0x0001, 0x0001, 0x0001, 0x0001, 0x0001,
    0x0001, 0x0001, 0x0001, 0x0001, 0x0001, 0x0001, 0x0001, 0x0001, 0x0001, 0x0001, 0x0001, 0x0001,
    0x0001, 0x0001, 0x0001, 0x0001, 0x0001, 0x0001, 0x0001, 0x0001, 0x0001, 0x0001, 0x0001, 0x0001,
    0x0001, 0x0001, 0x0001, 0x0001, 0x0001, 0x0001, 0x0001, 0x0001, 0x0001, 0x0001, 0x18A2, 0x5A24,
    0x4AAC, 0x0862, 0x0001, 0x0001, 0x0001, 0x0001, 0x0001, 0x0001, 0x0001, 0x0001, 0x0001, 0x0001,
    0x0001, 0x0001, 0x0001, 0x0001, 0x0001, 0x0001, 0x0001, 0x0001, 0x0001, 0x0001, 0x0001, 0x0001,
    0x0001, 0x0001, 0x0001, 0x0001, 0x0001, 0x0001, 0x0001, 0x0001, 0x0001, 0x0001, 0x0001, 0x0001,
    0x0001, 0x0001, 0x0001, 0x0001, 0x0001, 0x0001, 0x0001, 0x0001, 0x0001, 0x0001, 0x0001, 0x0001,
    0x0001, 0x0001, 0x0001, 0x0001, 0x0001, 0x0001, 0x0001, 0x0001, 0x0001, 0x0001, 0x0001, 0x0001,
    0x0001, 0x0001, 0x0001, 0x0001, 0x0001, 0x0001, 0x0001, 0x0001, 0x0001, 0x0001, 0x3941, 0x6A64,
    0x3A6D, 0x0862, 0x0001, 0x0001, 0x0001, 0x0001, 0x0001, 0x0001, 0x0001, 0x0001, 0x0001, 0x0001,
    0x0001, 0x0001, 0x0001, 0x0001, 0x0001, 0x0001, 0x0001, 0x0001, 0x0001, 0x0001, 0x0001, 0x0001,
    0x0001, 0x0001, 0x0001, 0x0001, 0x0001, 0x0001, 0x0001, 0x0001, 0x0001, 0x0001, 0x0001, 0x0001,
    0x0001, 0x0001, 0x0001, 0x0001, 0x0001, 0x0001, 0x0001, 0x0001, 0x0001, 0x0001, 0x0001, 0x0001,
    0x0001, 0x0001, 0x0001, 0x0001, 0x0001, 0x0001, 0x0001, 0x0001, 0x0001, 0x0001, 0x0001, 0x0001,
    0x0001, 0x0001, 0x0001, 0x0001, 0x0001, 0x0001, 0x0001, 0x0001, 0x0001, 0x0001, 0x3921, 0x6243,
    0x3A6C, 0x0862, 0x0001, 0x0001, 0x0001, 0x0001, 0x0001, 0x0001, 0x0001, 0x0001, 0x0001, 0x0001,
    0x0001, 0x0001, 0x0001, 0x0001, 0x0001, 0x0001, 0x0001, 0x0001, 0x0001, 0x0001, 0x0001, 0x0001,
    0x0001, 0x0001, 0x0001, 0x0001, 0x0001, 0x0001, 0x0001, 0x0001, 0x0001, 0x0001, 0x0001, 0x0001,
    0x0001, 0x0001, 0x0001, 0x0001, 0x0001, 0x0001, 0x0001, 0x0001, 0x0001, 0x0001, 0x0001, 0x0001,
    0x0001, 0x0001, 0x0001, 0x0001, 0x0001, 0x0001, 0x0001, 0x0001, 0x0001, 0x0001, 0x0001, 0x0001,
    0x0001, 0x0001, 0x0001, 0x0001, 0x0001, 0x0001, 0x0001, 0x0001, 0x0001, 0x0001, 0x3121, 0x5A03,
    0x3A4D, 0x0842, 0x0001, 0x0001, 0x0001, 0x0001, 0x0001, 0x0001, 0x0001, 0x0001, 0x0001, 0x0001,
    0x0001, 0x0001, 0x0001, 0x0001, 0x0001, 0x0001, 0x0001, 0x0001, 0x0001, 0x0001, 0x0001, 0x0001,
    0x0001, 0x0001, 0x0001, 0x0001, 0x0001, 0x0001, 0x0001, 0x0001, 0x0001, 0x0001, 0x0001, 0x0001,
    0x0001, 0x0001, 0x0001, 0x0001, 0x0001, 0x0001, 0x0001, 0x0001, 0x0001, 0x0001, 0x0001, 0x0001,
    0x0001, 0x0001, 0x0001, 0x0001, 0x0001, 0x0001, 0x0001, 0x0001, 0x0001, 0x0001, 0x0001, 0x0001,
    0x0001, 0x0001, 0x0001, 0x0001, 0x0001, 0x0001, 0x0001, 0x0001, 0x0001, 0x0001, 0x4961, 0xBC21,
    0xA425, 0x3921, 0x0001, 0x0001, 0x0001, 0x0001, 0x0001, 0x0001, 0x0001, 0x0001, 0x0001, 0x0001,
    0x0001, 0x0001, 0x0001, 0x0001, 0x0001, 0x0001, 0x0001, 0x0001, 0x0001, 0x0001, 0x0001, 0x0001,
    0x0001, 0x0001, 0x0001, 0x0001, 0x0001, 0x0001, 0x0001, 0x0001, 0x0001, 0x0001, 0x0001, 0x0001,
    0x0001, 0x0001, 0x0001, 0x0001, 0x0001, 0x0001, 0x0001, 0x0001, 0x0001, 0x0001, 0x0001, 0x0001,
    0x0001, 0x0001, 0x0001, 0x0001, 0x0001, 0x0001, 0x0001, 0x0001, 0x0001, 0x0001, 0x0001, 0x0001,
    0x0001, 0x0001, 0x0001, 0x0001, 0x0001, 0x0001, 0x0001, 0x0001, 0x0001, 0x0001, 0x61E1, 0xF5A0,
    0xED80, 0x6201, 0x0001, 0x0001, 0x0001, 0x0001, 0x0001, 0x0001, 0x0001, 0x0001, 0x0001, 0x0001,
    0x0001, 0x0001, 0x0001, 0x0001, 0x0001, 0x0001, 0x0001, 0x0001, 0x0001, 0x0001, 0x0001, 0x0001,
    0x0001, 0x0001, 0x0001, 0x0001, 0x0001, 0x0001, 0x0001, 0x0001, 0x0001, 0x0001, 0x0001, 0x0001,
    0x0001, 0x0001, 0x0001, 0x0001, 0x0001, 0x0001, 0x0001, 0x0001, 0x0001, 0x0001, 0x0001, 0x0001,
    0x0001, 0x0001, 0x0001, 0x0001, 0x0001, 0x0001, 0x0001, 0x0001, 0x0001, 0x0001, 0x0001, 0x0001,
    0x0001, 0x0001, 0x0001, 0x0001, 0x0001, 0x0001, 0x0001, 0x0001, 0x0001, 0x0001, 0x4981, 0x9B62,
    0x8388, 0x3101, 0x0001, 0x0001, 0x0001, 0x0001, 0x0001, 0x0001, 0x0001, 0x0001, 0x0001, 0x0001,
    0x0001, 0x0001, 0x0001, 0x0001, 0x0001, 0x0001, 0x0001, 0x0001, 0x0001, 0x0001, 0x0001, 0x0001,
    0x0001, 0x0001, 0x0001, 0x0001, 0x0001, 0x0001, 0x0001, 0x0001, 0x0001, 0x0001, 0x0001, 0x0001,
    0x0001, 0x0001, 0x0001, 0x0001, 0x0001, 0x0001, 0x0001, 0x0001, 0x0001, 0x0001, 0x0001, 0x0001,
    0x0001, 0x0001, 0x0001, 0x0001, 0x0001, 0x0001, 0x0001, 0x0001, 0x0001, 0x0001, 0x0001, 0x0001,
    0x0001, 0x0001, 0x0001, 0x0001, 0x0001, 0x0001, 0x0001, 0x0001, 0x0001, 0x0001, 0x4141, 0x51E4,
    0x3A4D, 0x0862, 0x0001, 0x0001, 0x0001, 0x0001, 0x0001, 0x0001, 0x0001, 0x0001, 0x0001, 0x0001,
    0x0001, 0x0001, 0x0001, 0x0001, 0x0001, 0x0001, 0x0001, 0x0001, 0x0001, 0x0001, 0x0001, 0x0001,
    0x0001, 0x0001, 0x0001, 0x0001, 0x0001, 0x0001, 0x0001, 0x0001, 0x0001, 0x0001, 0x0001, 0x0001,
    0x0001, 0x0001, 0x0001, 0x0001, 0x0001, 0x0001, 0x0001, 0x0001, 0x0001, 0x0001, 0x0001, 0x0001,
    0x0001, 0x0001, 0x0001, 0x0001, 0x0001, 0x0001, 0x0001, 0x0001, 0x0001, 0x0001, 0x0001, 0x0001,
    0x0001, 0x0001, 0x0001, 0x0001, 0x0001, 0x0001, 0x0001, 0x0001, 0x0001, 0x0001, 0x4961, 0x5A03,
    0x42AD, 0x0882, 0x0001, 0x0001, 0x0001, 0x0001, 0x0001, 0x0001, 0x0001, 0x0001, 0x0001, 0x0001,
    0x0001, 0x0001, 0x0001, 0x0001, 0x0001, 0x0001, 0x0001, 0x0001, 0x0001, 0x0001, 0x0001, 0x0001,
    0x0001, 0x0001, 0x0001, 0x0001, 0x0001, 0x0001, 0x0001, 0x0001, 0x0001, 0x0001, 0x0001, 0x0001,
    0x0001, 0x0001, 0x0001, 0x0001, 0x0001, 0x0001, 0x0001, 0x0001, 0x0001, 0x0001, 0x0001, 0x0001,
    0x0001, 0x0001, 0x0001, 0x0001, 0x0001, 0x0001, 0x0001, 0x0001, 0x0001, 0x0001, 0x0001, 0x0001,
    0x0001, 0x0001, 0x0001, 0x0001, 0x0001, 0x0001, 0x0001, 0x0001, 0x0001, 0x0001, 0x4981, 0x51E4,
    0x42AD, 0x0882, 0x0001, 0x0001, 0x0001, 0x0001, 0x0001, 0x0001, 0x0001, 0x0001, 0x0001, 0x0001,
    0x0001, 0x0001, 0x0001, 0x0001, 0x0001, 0x0001, 0x0001, 0x0001, 0x0001, 0x0001, 0x0001, 0x0001,
    0x0001, 0x0001, 0x0001, 0x0001, 0x0001, 0x0001, 0x0001, 0x0001, 0x0001, 0x0001, 0x0001, 0x0001,
    0x0001, 0x0001, 0x0001, 0x0001, 0x0001, 0x0001, 0x0001, 0x0001, 0x0001, 0x0001, 0x0001, 0x0001,
    0x0001, 0x0001, 0x0001, 0x0001, 0x0001, 0x0001, 0x0001, 0x0001, 0x0001, 0x0001, 0x0001, 0x0001,
    0x0001, 0x0001, 0x0001, 0x0001, 0x0001, 0x0001, 0x0001, 0x0001, 0x0001, 0x0001, 0x51A0, 0x51E4,
    0x42AD, 0x0882, 0x0001, 0x0001, 0x0001, 0x0001, 0x0001, 0x0001, 0x0001, 0x0001, 0x0001, 0x0001,
    0x0001, 0x0001, 0x0001, 0x0001, 0x0001, 0x0001, 0x0001, 0x0001, 0x0001, 0x0001, 0x0001, 0x0001,
    0x0001, 0x0001, 0x0001, 0x0001, 0x0001, 0x0001, 0x0001, 0x0001, 0x0001, 0x0001, 0x0001, 0x0001,
    0x0001, 0x0001, 0x0001, 0x0001, 0x0001, 0x0001, 0x0001, 0x0001, 0x0001, 0x0001, 0x0001, 0x0001,
    0x0001, 0x0001, 0x0001, 0x0001, 0x0001, 0x0001, 0x0001, 0x0001, 0x0001, 0x0001, 0x0001, 0x0001,
    0x0001, 0x0001, 0x0001, 0x0001, 0x0001, 0x0001, 0x0001, 0x0001, 0x0001, 0x0001, 0x59A0, 0x49C4,
    0x42CE, 0x1082, 0x0001, 0x0001, 0x0001, 0x0001, 0x0001, 0x0001, 0x0001, 0x0001, 0x0001, 0x0001,
    0x0001, 0x0001, 0x0001, 0x0001, 0x0001, 0x0001, 0x0001, 0x0001, 0x0001, 0x0001, 0x0001, 0x0001,
    0x0001, 0x0001, 0x0001, 0x0001, 0x0001, 0x0001, 0x0001, 0x0001, 0x0001, 0x0001, 0x0001, 0x0001,
    0x0001, 0x0001, 0x0001, 0x0001, 0x0001, 0x0001, 0x0001, 0x0001, 0x0001, 0x0001, 0x0001, 0x0001,
    0x0001, 0x0001, 0x0001, 0x0001, 0x0001, 0x0001, 0x0001, 0x0001, 0x0001, 0x0001, 0x0001, 0x0001,
    0x0001, 0x0001, 0x0001, 0x0001, 0x0001, 0x0001, 0x0001, 0x0001, 0x0001, 0x0001, 0x59C0, 0x49C4,
    0x4ACE, 0x10A2, 0x0001, 0x0001, 0x0001, 0x0001, 0x0001, 0x0001, 0x0001, 0x0001, 0x0001, 0x0001,
    0x0001, 0x0001, 0x0001, 0x0001, 0x0001, 0x0001, 0x0001, 0x0001, 0x0001, 0x0001, 0x0001, 0x0001,
    0x0001, 0x0001, 0x0001, 0x0001, 0x0001, 0x0001, 0x0001, 0x0001, 0x0001, 0x0001, 0x0001, 0x0001,
    0x0001, 0x0001, 0x0001, 0x0001, 0x0001, 0x0001, 0x0001, 0x0001, 0x0001, 0x0001, 0x0001, 0x0001,
    0x0001, 0x0001, 0x0001, 0x0001, 0x0001, 0x0001, 0x0001, 0x0001, 0x0001, 0x0001, 0x0001, 0x0001,
    0x0001, 0x0001, 0x0001, 0x0001, 0x0001, 0x0001, 0x0001, 0x0001, 0x0001, 0x0001, 0x61E0, 0x41A4,
    0x4ACE, 0x10A3, 0x0001, 0x0001, 0x0001, 0x0001, 0x0001, 0x0001, 0x0001, 0x0001, 0x0001, 0x0001,
    0x0001, 0x0001, 0x0001, 0x0001, 0x0001, 0x0001, 0x0001, 0x0001, 0x0001, 0x0001, 0x0001, 0x0001,
    0x0001, 0x0001, 0x0001, 0x0001, 0x0001, 0x0001, 0x0001, 0x0001, 0x0001, 0x0001, 0x0001, 0x0001,
    0x0001, 0x0001, 0x0001, 0x0001, 0x0001, 0x0001, 0x0001, 0x0001, 0x0001, 0x0001, 0x0001, 0x0001,
    0x0001, 0x0001, 0x0001, 0x0001, 0x0001, 0x0001, 0x0001, 0x0001, 0x0001, 0x0001, 0x0001, 0x0001,
    0x0001, 0x0001, 0x0001, 0x0001, 0x0001, 0x0001, 0x0001, 0x0001, 0x0001, 0x0001, 0x6A00, 0x3984,
    0x4AEE, 0x10A3, 0x0062, 0x0001, 0x0001, 0x0001, 0x0001, 0x0001, 0x0001, 0x0001, 0x0001, 0x0001,
    0x0001, 0x0001, 0x0001, 0x0001, 0x0001, 0x0001, 0x0001, 0x0001, 0x0001, 0x0001, 0x0001, 0x0001,
    0x0001, 0x0001, 0x0001, 0x0001, 0x0001, 0x0001, 0x0001, 0x0001, 0x0001, 0x0001, 0x0001, 0x0001,
    0x0001, 0x0001, 0x0001, 0x0001, 0x0001, 0x0001, 0x0001, 0x0001, 0x0001, 0x0001, 0x0001, 0x0001,
    0x0001, 0x0001, 0x0001, 0x0001, 0x0001, 0x0001, 0x0001, 0x0001, 0x0001, 0x0001, 0x0001, 0x0001,
    0x0001, 0x0001, 0x0001, 0x0001, 0x0001, 0x0001, 0x0001, 0x0001, 0x0001, 0x0862, 0x6A20, 0x3984,
    0x4B0E, 0x10A3, 0x0062, 0x0001, 0x0001, 0x0001, 0x0001, 0x0001, 0x0001, 0x0001, 0x0001, 0x0001,
    0x0001, 0x0001, 0x0001, 0x0001, 0x0001, 0x0001, 0x0001, 0x0001, 0x0001, 0x0001, 0x0001, 0x0001,
    0x0001, 0x0001, 0x0001, 0x0001, 0x0001, 0x0001, 0x0001, 0x0001, 0x0001, 0x0001, 0x0001, 0x0001,
    0x0001, 0x0001, 0x0001, 0x0001, 0x0001, 0x0001, 0x0001, 0x0001, 0x0001, 0x0001, 0x0001, 0x0001,
    0x0001, 0x0001, 0x0001, 0x0001, 0x0001, 0x0001, 0x0001, 0x0001, 0x0001, 0x0001, 0x0001, 0x0001,
    0x0001, 0x0001, 0x0001, 0x0001, 0x0001, 0x0001, 0x0001, 0x0001, 0x0001, 0x0062, 0x7240, 0x3184,
    0x530E, 0x10C3, 0x0062, 0x0001, 0x0001, 0x0001, 0x0001, 0x0001, 0x0001, 0x0001, 0x0001, 0x0001,
    0x0001, 0x0001, 0x0001, 0x0001, 0x0001, 0x0001, 0x0001, 0x0001, 0x0001, 0x0001, 0x0001, 0x0001,
    0x0001, 0x0001, 0x0001, 0x0001, 0x0001, 0x0001, 0x0001, 0x0001, 0x0001, 0x0001, 0x0001, 0x0001,
    0x0001, 0x0001, 0x0001, 0x0001, 0x0001, 0x0001, 0x0001, 0x0001, 0x0001, 0x0001, 0x0001, 0x0001,
    0x0001, 0x0001, 0x0001, 0x0001, 0x0001, 0x0001, 0x0001, 0x0001, 0x0001, 0x0001, 0x0001, 0x0001,
    0x0001, 0x0001, 0x0001, 0x0001, 0x0001, 0x0001, 0x0001, 0x0001, 0x0001, 0x0062, 0x7A60, 0x3164,
    0x530E, 0x10C3, 0x0062, 0x0001, 0x0001, 0x0001, 0x0001, 0x0001, 0x0001, 0x0001, 0x0001, 0x0001,
    0x0001, 0x0001, 0x0001, 0x0001, 0x0001, 0x0001, 0x0001, 0x0001, 0x0001, 0x0001, 0x0001, 0x0001,
    0x0001, 0x0001, 0x0001, 0x0001, 0x0001, 0x0001, 0x0001, 0x0001, 0x0001, 0x0001, 0x0001, 0x0001,
    0x0001, 0x0001, 0x0001, 0x0001, 0x0001, 0x0001, 0x0001, 0x0001, 0x0001, 0x0001, 0x0001, 0x0001,
    0x0001, 0x0001, 0x0001, 0x0001, 0x0001, 0x0001, 0x0001, 0x0001, 0x0001, 0x0001, 0x0001, 0x0001,
    0x0001, 0x0001, 0x0001, 0x0001, 0x0001, 0x0001, 0x0001, 0x0001, 0x0001, 0x0062, 0x7A60, 0x2945,
    0x532F, 0x18E4, 0x0062, 0x0001, 0x0001, 0x0001, 0x0001, 0x0001, 0x0001, 0x0001, 0x0001, 0x0001,
    0x0001, 0x0001, 0x0001, 0x0001, 0x0001, 0x0001, 0x0001, 0x0001, 0x0001, 0x0001, 0x0001, 0x0001,
    0x0001, 0x0001, 0x0001, 0x0001, 0x0001, 0x0001, 0x0001, 0x0001, 0x0001, 0x0001, 0x0001, 0x0001,
    0x0001, 0x0001, 0x0001, 0x0001, 0x0001, 0x0001, 0x0001, 0x0001, 0x0001, 0x0001, 0x0001, 0x0001,
    0x0001, 0x0001, 0x0001, 0x0001, 0x0001, 0x0001, 0x0001, 0x0001, 0x0001, 0x0001, 0x0001, 0x0001,
    0x0001, 0x0001, 0x0001, 0x0001, 0x0001, 0x0001, 0x0001, 0x0001, 0x0001, 0x0862, 0x8280, 0x2944,
    0x5B4F, 0x18E4, 0x0062, 0x0001, 0x0001, 0x0001, 0x0001, 0x0001, 0x0001, 0x0001, 0x0001, 0x0001,
    0x0001, 0x0001, 0x0001, 0x0001, 0x0001, 0x0001, 0x0001, 0x0001, 0x0001, 0x0001, 0x0001, 0x0001,
    0x0001, 0x0001, 0x0001, 0x0001, 0x0001, 0x0001, 0x0001, 0x0001, 0x0001, 0x0001, 0x0001, 0x0001,
    0x0001, 0x0001, 0x0001, 0x0001, 0x0001, 0x0001, 0x0001, 0x0001, 0x0001, 0x0001, 0x0001, 0x0001,
    0x0001, 0x0001, 0x0001, 0x0001, 0x0001, 0x0001, 0x0001, 0x0001, 0x0001, 0x0001, 0x0001, 0x0001,
    0x0001, 0x0001, 0x0001, 0x0001, 0x0001, 0x0001, 0x0001, 0x0001, 0x0001, 0x0882, 0x8280, 0x18E5,
    0x5331, 0x10C5, 0x0062, 0x0001, 0x0001, 0x0001, 0x0001, 0x0001, 0x0001, 0x0001, 0x0001, 0x0001,
    0x0001, 0x0001, 0x0001, 0x0001, 0x0001, 0x0001, 0x0001, 0x0001, 0x0001, 0x0001, 0x0001, 0x0001,
    0x0001, 0x0001, 0x0001, 0x0001, 0x0001, 0x0001, 0x0001, 0x0001, 0x0001, 0x0001, 0x0001, 0x0001,
    0x0001, 0x0001, 0x0001, 0x0001, 0x0001, 0x0001, 0x0001, 0x0001, 0x0001, 0x0001, 0x0001, 0x0001,
    0x0001, 0x0001, 0x0001, 0x0001, 0x0001, 0x0001, 0x0001, 0x0001, 0x0001, 0x0001, 0x0001, 0x0001,
    0x0001, 0x0001, 0x0001, 0x0001, 0x0001, 0x0001, 0x0001, 0x0001, 0x0001, 0x10A2, 0xA360, 0x8322,
    0x9C48, 0x6242, 0x0862, 0x0001, 0x0001, 0x0001, 0x0001, 0x0001, 0x0001, 0x0001, 0x0001, 0x0001,
    0x0001, 0x0001, 0x0001, 0x0001, 0x0001, 0x0001, 0x0001, 0x0001, 0x0001, 0x0001, 0x0001, 0x0001,
    0x0001, 0x0001, 0x0001, 0x0001, 0x0001, 0x0001, 0x0001, 0x0001, 0x0001, 0x0001, 0x0001, 0x0001,
    0x0001, 0x0001, 0x0001, 0x0001, 0x0001, 0x0001, 0x0001, 0x0001, 0x0001, 0x0001, 0x0001, 0x0001,
    0x0001, 0x0001, 0x0001, 0x0001, 0x0001, 0x0001, 0x0001, 0x0001, 0x0001, 0x0001, 0x0001, 0x0001,
    0x0001, 0x0001, 0x0001, 0x0001, 0x0001, 0x0001, 0x0001, 0x0001, 0x0001, 0x28E2, 0xCC60, 0xAC21,
    0xB4A5, 0xAC01, 0x3101, 0x0001, 0x0001, 0x0001, 0x0001, 0x0001, 0x0001, 0x0001, 0x0001, 0x0001,
    0x0001, 0x0001, 0x0001, 0x0001, 0x0001, 0x0001, 0x0001, 0x0001, 0x0001, 0x0001, 0x0001, 0x0001,
    0x0001, 0x0001, 0x0001, 0x0001, 0x0001, 0x0001, 0x0001, 0x0001, 0x0001, 0x0001, 0x0001, 0x0001,
    0x0001, 0x0001, 0x0001, 0x0001, 0x0001, 0x0001, 0x0001, 0x0001, 0x0001, 0x0001, 0x0001, 0x0001,
    0x0001, 0x0001, 0x0001, 0x0001, 0x0001, 0x0001, 0x0001, 0x0001, 0x0001, 0x0001, 0x0001, 0x0001,
    0x0001, 0x0001, 0x0001, 0x0001, 0x0001, 0x0001, 0x0001, 0x0001, 0x0001, 0x20E2, 0x8260, 0x10A5,
    0x5331, 0x18C5, 0x0862, 0x0001, 0x0001, 0x0001, 0x0001, 0x0001, 0x0001, 0x0001, 0x0001, 0x0001,
    0x0001, 0x0001, 0x0001, 0x0001, 0x0001, 0x0001, 0x0001, 0x0001, 0x0001, 0x0001, 0x0001, 0x0001,
    0x0001, 0x0001, 0x0001, 0x0001, 0x0001, 0x0001, 0x0001, 0x0001, 0x0001, 0x0001, 0x0001, 0x0001,
    0x0001, 0x0001, 0x0001, 0x0001, 0x0001, 0x0001, 0x0001, 0x0001, 0x0001, 0x0001, 0x0001, 0x0001,
    0x0001, 0x0001, 0x0001, 0x0001, 0x0001, 0x0001, 0x0001, 0x0001, 0x0001, 0x0001, 0x0001, 0x0001,
    0x0001, 0x0001, 0x0001, 0x0001, 0x0001, 0x0001, 0x0001, 0x0001, 0x0001, 0x20E2, 0x82A0, 0x1905,
    0x638F, 0x2125, 0x0862, 0x0001, 0x0001, 0x0001, 0x0001, 0x0062, 0x0882, 0x18E2, 0x0882, 0x0062,
    0x0862, 0x0062, 0x0001, 0x0001, 0x0001, 0x0001, 0x0001, 0x0001, 0x0001, 0x0001, 0x0001, 0x0001,
    0x0001, 0x0001, 0x0001, 0x0001, 0x0001, 0x0001, 0x0001, 0x0001, 0x0001, 0x0001, 0x0001, 0x0001,
    0x0001, 0x0001, 0x0001, 0x0001, 0x0001, 0x0001, 0x0062, 0x0062, 0x0062, 0x10C2, 0x10C2, 0x0062,
    0x0001, 0x0001, 0x0001, 0x0001, 0x0001, 0x0001, 0x0001, 0x0001, 0x0001, 0x0001, 0x0001, 0x0001,
    0x0001, 0x0001, 0x0001, 0x0001, 0x0001, 0x0001, 0x0001, 0x0001, 0x0001, 0x2901, 0x82C1, 0x1906,
    0x63B1, 0x2125, 0x0862, 0x0001, 0x0001, 0x0001, 0x0062, 0x8BC5, 0xDE45, 0xDD82, 0x4184, 0x29A7,
    0x29A7, 0x31E8, 0x10A3, 0x0062, 0x0062, 0x0062, 0x0062, 0x0062, 0x0062, 0x0062, 0x0882, 0x0882,
    0x0882, 0x0062, 0x0862, 0x0062, 0x0062, 0x0883, 0x0882, 0x1082, 0x0882, 0x0062, 0x0882, 0x0882,
    0x0882, 0x0862, 0x0062, 0x0062, 0x0062, 0x2966, 0x39E8, 0x2987, 0x2147, 0x72C3, 0xE644, 0xA465,
    0x0882, 0x0001, 0x0001, 0x0001, 0x0001, 0x0001, 0x0001, 0x0001, 0x0001, 0x0001, 0x0001, 0x0001,
    0x0001, 0x0001, 0x0001, 0x0001, 0x0001, 0x0001, 0x0001, 0x0001, 0x0001, 0x20C1, 0x51A0, 0x18C3,
    0x31C7, 0x10A3, 0x0862, 0x0001, 0x0001, 0x0062, 0x93C4, 0xFEA3, 0xFE81, 0xD4E0, 0x2125, 0x31C7,
    0x31A7, 0x39E9, 0x424A, 0x426A, 0x426A, 0x426A, 0x426A, 0x424A, 0x4A8B, 0x31C7, 0x3163, 0x49C2,
    0x59E1, 0x92E0, 0x8AC1, 0x9301, 0x8AE1, 0x7AA2, 0x5A01, 0x49C1, 0x3982, 0x62C8, 0x5AAB, 0x4A6A,
    0x528B, 0x4229, 0x2146, 0x2166, 0x2966, 0x39E8, 0x2146, 0x2145, 0x1105, 0x49A2, 0xFE41, 0xFEA2,
    0xB4A3, 0x0882, 0x0001, 0x0001, 0x0001, 0x0001, 0x0001, 0x0001, 0x0001, 0x0001, 0x0001, 0x0001,
    0x0001, 0x0001, 0x0001, 0x0001, 0x0001, 0x0001, 0x0001, 0x0001, 0x0001, 0x0062, 0x7A82, 0x9B64,
    0xAC48, 0x51A0, 0x0862, 0x0001, 0x0062, 0x8BA4, 0xFE83, 0xFDC0, 0xCC20, 0x61C0, 0x2146, 0x29A7,
    0x2987, 0x2987, 0x29A7, 0x31C8, 0x31C8, 0x31C8, 0x31C8, 0x31C8, 0x31C8, 0x3A2A, 0x2145, 0x18C3,
    0x51A1, 0xC420, 0xB380, 0xAB80, 0xBC00, 0x59C0, 0x20C3, 0x10A3, 0x4208, 0x4A8B, 0x29A7, 0x31C8,
    0x31A8, 0x31E9, 0x3A09, 0x3A09, 0x3A29, 0x31E8, 0x31E8, 0x39E8, 0x31E8, 0x3185, 0x9AE0, 0xF560,
    0xFE61, 0xB483, 0x0882, 0x0001, 0x0001, 0x0001, 0x0001, 0x0001, 0x0001, 0x0001, 0x0001, 0x0001,
    0x0001, 0x0001, 0x0001, 0x0001, 0x0001, 0x0001, 0x0001, 0x0001, 0x0001, 0x1082, 0xD483, 0xCC24,
    0xF60A, 0x92C1, 0x0862, 0x0862, 0x8B64, 0xFE83, 0xFDA0, 0xC3E0, 0x28C2, 0x2188, 0x3A09, 0x31E9,
    0x31E9, 0x31E9, 0x3209, 0x31E9, 0x31E9, 0x31E9, 0x31E9, 0x31E9, 0x31C8, 0x3A09, 0x426B, 0x424A,
    0x5289, 0x5A48, 0x6287, 0x5A68, 0x5A68, 0x4A49, 0x4A6A, 0x4A8B, 0x4A8B, 0x31C8, 0x31C8, 0x29A7,
    0x31C8, 0x2146, 0x18E4, 0x10C4, 0x0884, 0x0884, 0x0884, 0x0884, 0x10C4, 0x18E4, 0x10A4, 0x8A60,
    0xF560, 0xFE61, 0xB484, 0x1082, 0x0001, 0x0001, 0x0001, 0x0001, 0x0001, 0x0001, 0x0001, 0x0001,
    0x0001, 0x0001, 0x0001, 0x0001, 0x0001, 0x0001, 0x0001, 0x0001, 0x0001, 0x1062, 0xD463, 0xCC64,
    0xF5EA, 0x92C0, 0x0862, 0x1082, 0xED81, 0xFDC0, 0xE4A0, 0x3102, 0x2188, 0x424A, 0x31C8, 0x31E9,
    0x31E8, 0x31E8, 0x31E8, 0x31E9, 0x31E8, 0x31E9, 0x31E8, 0x31E9, 0x31E9, 0x31E8, 0x31C8, 0x31E8,
    0x31C8, 0x31E8, 0x31C8, 0x31C8, 0x31C8, 0x31C8, 0x31C8, 0x31C8, 0x29C8, 0x31E8, 0x31C8, 0x31C8,
    0x31C8, 0x31E8, 0x1926, 0x4183, 0x8301, 0x8321, 0x8301, 0x82E1, 0x3143, 0x10C4, 0x1924, 0x18A4,
    0xB380, 0xFDC0, 0xFD81, 0x2901, 0x0001, 0x0001, 0x0001, 0x0001, 0x0001, 0x0001, 0x0001, 0x0001,
    0x0001, 0x0001, 0x0001, 0x0001, 0x0001, 0x0001, 0x0001, 0x0001, 0x0001, 0x0862, 0x9302, 0x8AC2,
    0x9BC5, 0x59A0, 0x0862, 0x10A2, 0xE560, 0xFDA0, 0xD420, 0x20E4, 0x31C8, 0x08C4, 0x08E4, 0x00A3,
    0x1104, 0x1104, 0x1104, 0x10E4, 0x1104, 0x1104, 0x1104, 0x1104, 0x1104, 0x1104, 0x1125, 0x1104,
    0x1104, 0x1104, 0x1104, 0x1104, 0x1104, 0x1104, 0x1104, 0x1104, 0x1104, 0x10E4, 0x1104, 0x08E4,
    0x08E3, 0x10E4, 0x1906, 0x6A41, 0xED80, 0xBBC0, 0xE520, 0xED40, 0x49A2, 0x10C4, 0x18E3, 0x10E5,
    0xA320, 0xFDC0, 0xFD40, 0x3101, 0x0001, 0x0001, 0x0001, 0x0001, 0x0001, 0x0001, 0x0001, 0x0001,
    0x0001, 0x0001, 0x0001, 0x0001, 0x0001, 0x0001, 0x0001, 0x0001, 0x0001, 0x0882, 0x3941, 0x6A85,
    0x72E7, 0x1861, 0x0001, 0x1081, 0xBBE0, 0xFD60, 0xDC60, 0x20E3, 0x2966, 0x1125, 0x1125, 0x0082,
    0x08A3, 0x00A3, 0x08A3, 0x08A3, 0x08A3, 0x08A3, 0x08A3, 0x00A3, 0x08C3, 0x0146, 0x00E4, 0x08A3,
    0x08A3, 0x08A3, 0x08A3, 0x08A3, 0x08C3, 0x08A3, 0x08C3, 0x00A3, 0x08C3, 0x08A3, 0x08A3, 0x0082,
    0x1146, 0x10E4, 0x2146, 0x2103, 0x3982, 0x2902, 0x4182, 0x3983, 0x18C4, 0x10A4, 0x18E4, 0x10C5,
    0xA340, 0xFDC0, 0xBBA0, 0x20C1, 0x0001, 0x0001, 0x0001, 0x0001, 0x0001, 0x0001, 0x0001, 0x0001,
    0x0001, 0x0001, 0x0001, 0x0001, 0x0001, 0x0001, 0x0001, 0x0001, 0x0001, 0x4161, 0x51C2, 0x2188,
    0x426C, 0x1061, 0x1881, 0x6203, 0x28A1, 0x61A0, 0xB340, 0x2104, 0x2987, 0x1125, 0x1125, 0x0082,
    0x00A3, 0x00A3, 0x00A3, 0x00A3, 0x00A3, 0x00A3, 0x08A3, 0x00A3, 0x0083, 0x0AAC, 0x0166, 0x0082,
    0x08C3, 0x00A3, 0x08A3, 0x00A3, 0x08A3, 0x08A3, 0x08A3, 0x0083, 0x08A3, 0x00A3, 0x08A3, 0x0082,
    0x1945, 0x10E4, 0x2166, 0x2987, 0x31C9, 0x2987, 0x10E5, 0x41C6, 0x8324, 0x8324, 0x5225, 0x10E5,
    0x92C0, 0x7240, 0x2880, 0x0862, 0x0001, 0x0001, 0x0001, 0x0001, 0x0001, 0x0001, 0x0001, 0x0001,
    0x0001, 0x0001, 0x0001, 0x0001, 0x0001, 0x0001, 0x0001, 0x0001, 0x0001, 0x4981, 0x49A2, 0x1947,
    0x4249, 0xCD8C, 0xBCCA, 0xACCD, 0x4228, 0x18E4, 0x20A1, 0x2104, 0x2987, 0x1125, 0x1105, 0x0083,
    0x00A3, 0x00A3, 0x00A3, 0x00A3, 0x00A3, 0x00A3, 0x08A3, 0x00A3, 0x0083, 0x1B6F, 0x0187, 0x0082,
    0x08C3, 0x00A3, 0x08C3, 0x0082, 0x08A3, 0x00A3, 0x08A3, 0x0083, 0x08A3, 0x0082, 0x08C3, 0x0062,
    0x1945, 0x1104, 0x2125, 0x424A, 0x634E, 0x4AAB, 0x10A5, 0x9383, 0xFF40, 0xFF40, 0x9B62, 0x1906,
    0x20A1, 0x10E5, 0x28E2, 0x0862, 0x0001, 0x0001, 0x0001, 0x0001, 0x0001, 0x0001, 0x0001, 0x0001,
    0x0001, 0x0001, 0x0001, 0x0001, 0x0001, 0x0001, 0x0001, 0x0001, 0x0001, 0x4161, 0x49A2, 0x1927,
    0x5A88, 0xCD2B, 0x9BE8, 0x9387, 0x31A6, 0x3185, 0x1905, 0x20E3, 0x2987, 0x1125, 0x1125, 0x0082,
    0x00A3, 0x0083, 0x00A3, 0x00A3, 0x00A3, 0x00A3, 0x00A3, 0x00A3, 0x00A3, 0x2473, 0x0A2A, 0x0062,
    0x00A3, 0x00A3, 0x00A3, 0x00A3, 0x00A3, 0x0083, 0x08A3, 0x0083, 0x08A3, 0x0083, 0x08A3, 0x0082,
    0x1145, 0x10E4, 0x2125, 0x18E5, 0x1926, 0x1905, 0x18E5, 0x5A23, 0xA380, 0xA360, 0x6203, 0x2126,
    0x0882, 0x31A7, 0x1082, 0x0001, 0x0001, 0x0001, 0x0001, 0x0001, 0x0001, 0x0001, 0x0001, 0x0001,
    0x0001, 0x0001, 0x0001, 0x0001, 0x0001, 0x0001, 0x0001, 0x0001, 0x0001, 0x4981, 0x41A2, 0x1968,
    0x39C5, 0x69C0, 0x4980, 0x4140, 0x2924, 0x39C7, 0x18E4, 0x20E3, 0x2987, 0x1125, 0x1145, 0x0083,
    0x08C3, 0x00A3, 0x08C3, 0x00A3, 0x08C3, 0x00A3, 0x08C4, 0x00A3, 0x0125, 0x3DF9, 0x12CC, 0x0062,
    0x08C4, 0x00A3, 0x08C3, 0x00E4, 0x00E4, 0x00A3, 0x08C4, 0x00A3, 0x08C4, 0x00A3, 0x08C3, 0x0083,
    0x1966, 0x10E4, 0x2146, 0x3982, 0x51E0, 0x4181, 0x2125, 0x2126, 0x3166, 0x3166, 0x2146, 0x2145,
    0x10A3, 0x31E8, 0x2966, 0x0862, 0x0001, 0x0001, 0x0001, 0x0001, 0x0001, 0x0001, 0x0001, 0x0001,
    0x0001, 0x0001, 0x0001, 0x0001, 0x0001, 0x0001, 0x0001, 0x0001, 0x0001, 0x3121, 0x59C1, 0x1926,
    0x1925, 0x4940, 0x5180, 0x4140, 0x3985, 0x4229, 0x2166, 0x2104, 0x2987, 0x1125, 0x1125, 0x0083,
    0x00A3, 0x00A3, 0x00A3, 0x00A3, 0x00A3, 0x00A3, 0x00C3, 0x0083, 0x0187, 0x4E5B, 0x130D, 0x0062,
    0x00C4, 0x00C3, 0x0082, 0x0AAC, 0x09E8, 0x0082, 0x08C4, 0x00A3, 0x08C3, 0x0083, 0x08C3, 0x0082,
    0x1145, 0x10E4, 0x1905, 0x62C7, 0x9C28, 0x7B26, 0x18C4, 0x31C7, 0x6B8E, 0x6B8E, 0x31A7, 0x1904,
    0x2146, 0x3A09, 0x2987, 0x0062, 0x0001, 0x0001, 0x0001, 0x0001, 0x0001, 0x0001, 0x0001, 0x0001,
    0x0001, 0x0001, 0x0001, 0x0001, 0x0001, 0x0001, 0x0001, 0x0001, 0x0001, 0x0062, 0x30E0, 0x20A1,
    0x1061, 0x0041, 0x0882, 0x4940, 0x4984, 0x31C8, 0x2987, 0x18E4, 0x2987, 0x1125, 0x1125, 0x0083,
    0x00A3, 0x00C3, 0x00A3, 0x00C3, 0x08C3, 0x00C3, 0x00C4, 0x0083, 0x024B, 0x5EDD, 0x2C94, 0x00A3,
    0x08E4, 0x00C4, 0x0062, 0x1BD0, 0x128B, 0x0062, 0x08C4, 0x00A3, 0x08C4, 0x00A3, 0x08C3, 0x0083,
    0x1966, 0x10E4, 0x2125, 0x1926, 0x2189, 0x2147, 0x18E4, 0x2125, 0x29A8, 0x29A8, 0x1905, 0x1904,
    0x2146, 0x2966, 0x18C4, 0x0062, 0x0001, 0x0001, 0x0001, 0x0001, 0x0001, 0x0001, 0x0001, 0x0001,
    0x0001, 0x0001, 0x0001, 0x0001, 0x0001, 0x0001, 0x0001, 0x0001, 0x0001, 0x0001, 0x0001, 0x0062,
    0x0862, 0x0001, 0x0001, 0x0862, 0x3101, 0x2103, 0x1905, 0x18E4, 0x2987, 0x1125, 0x1125, 0x0083,
    0x00C3, 0x00C3, 0x00C4, 0x00A3, 0x00C3, 0x00A3, 0x0187, 0x00C4, 0x0B90, 0x56FE, 0x45D9, 0x0167,
    0x00C3, 0x00C3, 0x00A3, 0x2CF5, 0x132E, 0x0062, 0x0105, 0x00E4, 0x00C4, 0x0083, 0x08C3, 0x0082,
    0x1966, 0x10E4, 0x2146, 0x2902, 0x3940, 0x3121, 0x2125, 0x1904, 0x3141, 0x3941, 0x2145, 0x1905,
    0x1905, 0x18E4, 0x59C2, 0x0862, 0x0001, 0x0001, 0x0001, 0x0001, 0x0001, 0x0001, 0x0001, 0x0001,
    0x0001, 0x0001, 0x0001, 0x0001, 0x0001, 0x0001, 0x0001, 0x0001, 0x0001, 0x0001, 0x0001, 0x0001,
    0x0001, 0x0001, 0x0001, 0x0001, 0x7281, 0x41E5, 0x10C4, 0x18E4, 0x2987, 0x1125, 0x1125, 0x00A3,
    0x0083, 0x09C8, 0x0A4B, 0x0083, 0x08E4, 0x0062, 0x1B90, 0x0ACD, 0x24B5, 0x56BD, 0x569C, 0x0A8B,
    0x00A3, 0x00C4, 0x00C4, 0x4E1A, 0x3473, 0x0021, 0x12ED, 0x12CC, 0x0083, 0x00E4, 0x00C4, 0x0083,
    0x1166, 0x10E4, 0x1905, 0x5AA7, 0x9C28, 0x7B47, 0x18C4, 0x39C6, 0x93E9, 0x9408, 0x39C6, 0x18E4,
    0x1905, 0x2125, 0x51A2, 0x0862, 0x0001, 0x0001, 0x0001, 0x0001, 0x0001, 0x0001, 0x0001, 0x0001,
    0x0001, 0x0001, 0x0001, 0x0001, 0x0001, 0x0001, 0x0001, 0x0001, 0x0001, 0x0001, 0x0001, 0x0001,
    0x0001, 0x0001, 0x0001, 0x0001, 0x6201, 0x3184, 0x18E5, 0x18E4, 0x2987, 0x1125, 0x1146, 0x00A3,
    0x0062, 0x2C73, 0x2C94, 0x0062, 0x00A3, 0x00C4, 0x4598, 0x3598, 0x3598, 0x361B, 0x4E9C, 0x2474,
    0x13F2, 0x022A, 0x0A4B, 0x5EDD, 0x3D98, 0x0083, 0x2C94, 0x2C94, 0x00A3, 0x1B6F, 0x00E5, 0x0083,
    0x1966, 0x10E4, 0x1905, 0x29A8, 0x424B, 0x31C9, 0x10C4, 0x2145, 0x3A2A, 0x3A2A, 0x2145, 0x1904,
    0x1905, 0x2125, 0x6A42, 0x0862, 0x0001, 0x0001, 0x0001, 0x0001, 0x0001, 0x0001, 0x0001, 0x0001,
    0x0001, 0x0001, 0x0001, 0x0001, 0x0001, 0x0001, 0x0001, 0x0001, 0x0001, 0x0001, 0x0001, 0x0001,
    0x0001, 0x0001, 0x0001, 0x0001, 0x6A21, 0x39A5, 0x10E4, 0x1904, 0x2987, 0x1125, 0x0905, 0x00A3,
    0x0ACD, 0x3E7B, 0x3DFA, 0x01A8, 0x0187, 0x1BF2, 0x363B, 0x25FA, 0x1579, 0x0558, 0x0D99, 0x1DB9,
    0x2E3B, 0x2578, 0x2557, 0x2E3B, 0x2DFA, 0x0B0E, 0x3598, 0x3E1A, 0x0AEE, 0x3DFA, 0x024A, 0x0062,
    0x1125, 0x10E4, 0x2146, 0x10A2, 0x0882, 0x10A2, 0x3164, 0x2923, 0x1082, 0x0862, 0x1904, 0x1925,
    0x1905, 0x1904, 0x51C2, 0x0862, 0x0001, 0x0001, 0x0001, 0x0001, 0x0001, 0x0001, 0x0001, 0x0001,
    0x0001, 0x0001, 0x0001, 0x0001, 0x0001, 0x0001, 0x0001, 0x0001, 0x0001, 0x0001, 0x0001, 0x0001,
    0x0001, 0x0001, 0x0001, 0x0001, 0x6A21, 0x39A4, 0x10C4, 0x1904, 0x2987, 0x1125, 0x12ED, 0x0C33,
    0x1D58, 0x0D38, 0x1558, 0x14D6, 0x1CD6, 0x1518, 0x0495, 0x0455, 0x0435, 0x0C14, 0x0434, 0x0475,
    0x0475, 0x0CD6, 0x0CB6, 0x0496, 0x0CD6, 0x1537, 0x0D58, 0x0D38, 0x1538, 0x1DB9, 0x1578, 0x0370,
    0x124A, 0x10E4, 0x2146, 0x1905, 0x41A3, 0x6201, 0x6A00, 0x6A21, 0x6A21, 0x4183, 0x1905, 0x1904,
    0x1905, 0x2125, 0x6202, 0x0862, 0x0001, 0x0001, 0x0001, 0x0001, 0x0001, 0x0001, 0x0001, 0x0001,
    0x0001, 0x0001, 0x0001, 0x0001, 0x0001, 0x0001, 0x0001, 0x0001, 0x0001, 0x0001, 0x0001, 0x0001,
    0x0001, 0x0001, 0x0001, 0x0001, 0x6201, 0x3984, 0x10E4, 0x18E4, 0x29A7, 0x08C4, 0x1229, 0x126A,
    0x1209, 0x11E9, 0x1209, 0x1209, 0x1209, 0x11E8, 0x11E8, 0x1209, 0x11E8, 0x1A2A, 0x1A09, 0x1A09,
    0x11E9, 0x1A09, 0x1209, 0x1209, 0x1209, 0x1209, 0x1209, 0x11E9, 0x1209, 0x122A, 0x122A, 0x128B,
    0x11C8, 0x10C3, 0x1926, 0x51E2, 0x6A21, 0x7B06, 0x942C, 0x734A, 0x62A8, 0x8AE1, 0x51E3, 0x10C5,
    0x18E4, 0x2125, 0x6202, 0x0862, 0x0001, 0x0001, 0x0001, 0x0001, 0x0001, 0x0001, 0x0001, 0x0001,
    0x0001, 0x0001, 0x0001, 0x0001, 0x0001, 0x0001, 0x0001, 0x0001, 0x0001, 0x0001, 0x0001, 0x0001,
    0x0001, 0x0001, 0x0001, 0x0001, 0x6A41, 0x39A5, 0x10C4, 0x18E4, 0x31A7, 0x00C4, 0x00E4, 0x00A3,
    0x00C3, 0x00C3, 0x00C3, 0x00E4, 0x00E4, 0x00C3, 0x0945, 0x0925, 0x00C3, 0x00C3, 0x00E4, 0x00E4,
    0x00C3, 0x00C3, 0x00C3, 0x00C4, 0x00C3, 0x00C3, 0x00E4, 0x00C3, 0x0082, 0x0082, 0x0082, 0x0082,
    0x00A2, 0x08C4, 0x3985, 0x6A00, 0x9364, 0x9C6D, 0x84B5, 0x31C8, 0x2987, 0x4229, 0x7A61, 0x2903,
    0x2125, 0x1904, 0x51A1, 0x0862, 0x0001, 0x0001, 0x0001, 0x0001, 0x0001, 0x0001, 0x0001, 0x0001,
    0x0001, 0x0001, 0x0001, 0x0001, 0x0001, 0x0001, 0x0001, 0x0001, 0x0001, 0x0001, 0x0001, 0x0001,
    0x0001, 0x0001, 0x0001, 0x0001, 0x59C0, 0x3144, 0x2126, 0x18E4, 0x2987, 0x0905, 0x00E4, 0x0082,
    0x0082, 0x0105, 0x0125, 0x0946, 0x3C73, 0x0105, 0x0946, 0x0946, 0x0987, 0x2B4E, 0x0082, 0x00A3,
    0x0062, 0x00A3, 0x00A3, 0x0062, 0x00A3, 0x0062, 0x0125, 0x0104, 0x0082, 0x0042, 0x020A, 0x03D2,
    0x0166, 0x08A4, 0x4183, 0x7A61, 0xB445, 0x1906, 0x5B4F, 0x31C8, 0x0841, 0x1905, 0x5A04, 0x4961,
    0x1926, 0x3A09, 0x3165, 0x0062, 0x0001, 0x0001, 0x0001, 0x0001, 0x0001, 0x0001, 0x0001, 0x0001,
    0x0001, 0x0001, 0x0001, 0x0001, 0x0001, 0x0001, 0x0001, 0x0001, 0x0001, 0x0001, 0x0001, 0x0001,
    0x0001, 0x0001, 0x0001, 0x0862, 0x5A02, 0x4229, 0x2147, 0x10C3, 0x2987, 0x08E4, 0x0125, 0x0125,
    0x11E9, 0x234F, 0x2BD1, 0x0A6B, 0x3494, 0x01E8, 0x234E, 0x2BB0, 0x12CC, 0x34B5, 0x1AED, 0x0A09,
    0x09C8, 0x0125, 0x0104, 0x0987, 0x0105, 0x0966, 0x0145, 0x00C3, 0x0083, 0x034E, 0x04D5, 0x0577,
    0x026A, 0x0883, 0x4162, 0xA322, 0x7AE4, 0x0883, 0x2145, 0x2987, 0x10A3, 0x10C4, 0x41A3, 0x51C1,
    0x10E5, 0x29A7, 0x2146, 0x0862, 0x0001, 0x0001, 0x0001, 0x0001, 0x0001, 0x0001, 0x0001, 0x0001,
    0x0001, 0x0001, 0x0001, 0x0001, 0x0001, 0x0001, 0x0001, 0x0001, 0x0001, 0x0001, 0x0001, 0x0001,
    0x0001, 0x0001, 0x0001, 0x0862, 0x6A43, 0x1106, 0x2923, 0x18E4, 0x2987, 0x00E4, 0x1ACC, 0x2BF1,
    0x3494, 0x2C33, 0x1BB1, 0x2C74, 0x0A8C, 0x23D1, 0x23D1, 0x23D1, 0x3474, 0x2433, 0x3CF6, 0x2C74,
    0x3453, 0x2C32, 0x2BD1, 0x3433, 0x2C12, 0x2390, 0x0A2A, 0x0125, 0x0411, 0x1597, 0x1515, 0x2576,
    0x0A6A, 0x0883, 0x4183, 0x8A60, 0x8B24, 0x0043, 0x18C3, 0x52ED, 0x3A09, 0x1926, 0x4981, 0x49A2,
    0x20E2, 0x1926, 0x1905, 0x0062, 0x0001, 0x0001, 0x0001, 0x0001, 0x0001, 0x0001, 0x0001, 0x0001,
    0x0001, 0x0001, 0x0001, 0x0001, 0x0001, 0x0001, 0x0001, 0x0001, 0x0001, 0x0001, 0x0001, 0x0001,
    0x0001, 0x0001, 0x0001, 0x18A1, 0x6A62, 0x93A2, 0xC401, 0x18C4, 0x29A7, 0x00E4, 0x0105, 0x0125,
    0x0187, 0x09A7, 0x09C8, 0x1ACC, 0x00E4, 0x3412, 0x1A8C, 0x09A7, 0x1209, 0x11E9, 0x09E9, 0x122A,
    0x0166, 0x09A7, 0x0166, 0x0146, 0x11C8, 0x00C4, 0x0104, 0x0A29, 0x2D77, 0x3D15, 0x34F4, 0x4556,
    0x126A, 0x0062, 0x3985, 0x59A0, 0x9302, 0x49E4, 0x1905, 0x5B4F, 0x6BD1, 0x2923, 0x6200, 0x18E3,
    0xA341, 0xAC22, 0x3982, 0x10A1, 0x0001, 0x0001, 0x0001, 0x0001, 0x0001, 0x0001, 0x0001, 0x0001,
    0x0001, 0x0001, 0x0001, 0x0001, 0x0001, 0x0001, 0x0001, 0x0001, 0x0001, 0x0001, 0x0001, 0x0001,
    0x0001, 0x0001, 0x0001, 0x8B21, 0xF622, 0xFDA0, 0xCC00, 0x10A3, 0x31C8, 0x1125, 0x00E4, 0x00C3,
    0x00E4, 0x00C3, 0x00E4, 0x00C3, 0x00E4, 0x0125, 0x0146, 0x0125, 0x00C3, 0x00E4, 0x00C3, 0x00C3,
    0x00C3, 0x00C3, 0x00C3, 0x00C3, 0x00A3, 0x00E4, 0x00C3, 0x00E4, 0x0166, 0x0146, 0x0166, 0x0166,
    0x0104, 0x2146, 0x2146, 0x4982, 0x5980, 0x69E1, 0x4183, 0x5206, 0x51C4, 0x5160, 0x41A3, 0x08C5,
    0xAB40, 0xFDC0, 0xFDE2, 0x8AE1, 0x0001, 0x0001, 0x0001, 0x0001, 0x0001, 0x0001, 0x0001, 0x0001,
    0x0001, 0x0001, 0x0001, 0x0001, 0x0001, 0x0001, 0x0001, 0x0001, 0x0001, 0x0001, 0x0001, 0x0001,
    0x0001, 0x0001, 0x0001, 0x8B40, 0xFE20, 0xFD00, 0xD440, 0x10A4, 0x1925, 0x424A, 0x4AAC, 0x428B,
    0x428B, 0x42AC, 0x42AC, 0x4AAC, 0x42AC, 0x428B, 0x4AAC, 0x4ACC, 0x4ACC, 0x4ACC, 0x4ACC, 0x4ACC,
    0x4ACC, 0x4ACC, 0x4ACC, 0x4ACC, 0x4ACC, 0x4ACC, 0x4AAC, 0x4AAC, 0x4A8B, 0x4A8B, 0x426B, 0x426B,
    0x4A8B, 0x3A09, 0x18E4, 0x1904, 0x3921, 0x4100, 0x4920, 0x4900, 0x4920, 0x2902, 0x2987, 0x18E5,
    0xBBA0, 0xFD40, 0xFD80, 0x92C0, 0x0001, 0x0001, 0x0001, 0x0001, 0x0001, 0x0001, 0x0001, 0x0001,
    0x0001, 0x0001, 0x0001, 0x0001, 0x0001, 0x0001, 0x0001, 0x0001, 0x0001, 0x0001, 0x0001, 0x0001,
    0x0001, 0x0001, 0x0001, 0x7AC0, 0xDCC0, 0xF500, 0xFD60, 0x9322, 0x10C4, 0x1905, 0x2987, 0x29A7,
    0x31A7, 0x31C8, 0x31C8, 0x31C8, 0x31C8, 0x31C8, 0x31C8, 0x2966, 0x2966, 0x2966, 0x2986, 0x2986,
    0x3186, 0x31A6, 0x3186, 0x2986, 0x3186, 0x31A6, 0x2987, 0x2987, 0x2966, 0x31A7, 0x31E8, 0x31C8,
    0x31C8, 0x2987, 0x31C8, 0x31A7, 0x2987, 0x3186, 0x3164, 0x3185, 0x2966, 0x2987, 0x1106, 0x82E2,
    0xFD40, 0xFD20, 0xDC80, 0x7240, 0x0001, 0x0001, 0x0001, 0x0001, 0x0001, 0x0001, 0x0001, 0x0001,
    0x0001, 0x0001, 0x0001, 0x0001, 0x0001, 0x0001, 0x0001, 0x0001, 0x0001, 0x0001, 0x0001, 0x0001,
    0x0001, 0x0001, 0x0001, 0x20C1, 0x79E0, 0xB360, 0xFD20, 0xFD80, 0x9341, 0x2126, 0x2987, 0x1905,
    0x2125, 0x2125, 0x2125, 0x2966, 0x31A8, 0x31A7, 0x2987, 0x29A7, 0x2986, 0x18C2, 0x1882, 0x2082,
    0x20A2, 0x20A2, 0x2082, 0x2082, 0x2082, 0x1882, 0x1882, 0x2104, 0x2987, 0x2987, 0x29A7, 0x31A7,
    0x2987, 0x2146, 0x2146, 0x2146, 0x2146, 0x2146, 0x2126, 0x2126, 0x31A7, 0x1926, 0x82E2, 0xFD80,
    0xFD20, 0xBB80, 0x79E0, 0x20A1, 0x0001, 0x0001, 0x0001, 0x0001, 0x0001, 0x0001, 0x0001, 0x0001,
    0x0001, 0x0001, 0x0001, 0x0001, 0x0001, 0x0001, 0x0001, 0x0001, 0x0001, 0x0001, 0x0001, 0x0001,
    0x0001, 0x0001, 0x0001, 0x0001, 0x28E1, 0x8200, 0xB340, 0xF500, 0xFDA0, 0x72A2, 0x0883, 0x18E3,
    0x18E4, 0x1904, 0x18E4, 0x1905, 0x2125, 0x1905, 0x1925, 0x2966, 0x10A3, 0x3121, 0xBC60, 0xBC80,
    0xC480, 0xBC80, 0xBC60, 0xBC80, 0xBC60, 0xC4A0, 0x9340, 0x1061, 0x2104, 0x2146, 0x1904, 0x1905,
    0x1905, 0x10C4, 0x18E4, 0x18E4, 0x18E4, 0x18E4, 0x18E4, 0x10C3, 0x0863, 0x6A62, 0xFDA0, 0xFD00,
    0xB340, 0x71C0, 0x20C1, 0x0001, 0x0001, 0x0001, 0x0001, 0x0001, 0x0001, 0x0001, 0x0001, 0x0001,
    0x0001, 0x0001, 0x0001, 0x0001, 0x0001, 0x0001, 0x0001, 0x0001, 0x0001, 0x0001, 0x0001, 0x0001,
    0x0001, 0x0001, 0x0001, 0x0001, 0x0001, 0x3101, 0x8200, 0xB300, 0xE420, 0x8260, 0x0883, 0x1904,
    0x18E4, 0x1904, 0x1082, 0x0861, 0x1081, 0x1880, 0x1881, 0x2080, 0x1881, 0x28E1, 0x6A00, 0x7260,
    0x7240, 0x7A60, 0x7A60, 0x7A60, 0x7A60, 0x7240, 0x51A0, 0x20A1, 0x2080, 0x1881, 0x1881, 0x1880,
    0x1881, 0x1881, 0x1081, 0x0861, 0x10A3, 0x18E4, 0x10E4, 0x18E4, 0x0063, 0x9260, 0xE420, 0xAB00,
    0x71C0, 0x20C1, 0x0001, 0x0001, 0x0001, 0x0001, 0x0001, 0x0001, 0x0001, 0x0001, 0x0001, 0x0001,
    0x0001, 0x0001, 0x0001, 0x0001, 0x0001, 0x0001, 0x0001, 0x0001, 0x0001, 0x0001, 0x0001, 0x0001,
    0x0001, 0x0001, 0x0001, 0x0001, 0x0001, 0x0001, 0x28E1, 0xA280, 0xCB00, 0xA2A0, 0x20C1, 0x28E2,
    0x28E2, 0x1081, 0x0041, 0x0862, 0x0862, 0x0862, 0x0862, 0x0862, 0x0862, 0x0862, 0x0062, 0x0062,
    0x0062, 0x0062, 0x0062, 0x0062, 0x0062, 0x0062, 0x0062, 0x0862, 0x0862, 0x0862, 0x0862, 0x0862,
    0x0862, 0x0862, 0x0062, 0x0062, 0x0841, 0x20C2, 0x28E2, 0x20C2, 0x28C1, 0xBAE0, 0xCB00, 0x8A20,
    0x20A1, 0x0001, 0x0001, 0x0001, 0x0001, 0x0001, 0x0001, 0x0001, 0x0001, 0x0001, 0x0001, 0x0001,
    0x0001, 0x0001, 0x0001, 0x0001, 0x0001, 0x0001, 0x0001, 0x0001, 0x0001, 0x0001, 0x0001, 0x0001,
    0x0001, 0x0001, 0x0001, 0x0001, 0x0001, 0x0001, 0x0001, 0x18C1, 0x3101, 0x30E1, 0x1081, 0x1082,
    0x1082, 0x0862, 0x0001, 0x0001, 0x0001, 0x0001, 0x0001, 0x0001, 0x0001, 0x0001, 0x0001, 0x0001,
    0x0001, 0x0001, 0x0001, 0x0001, 0x0001, 0x0001, 0x0001, 0x0001, 0x0001, 0x0001, 0x0001, 0x0001,
    0x0001, 0x0001, 0x0001, 0x0001, 0x0062, 0x0882, 0x1082, 0x0882, 0x1881, 0x3101, 0x3101, 0x18A1,
    0x0001, 0x0001, 0x0001, 0x0001, 0x0001, 0x0001, 0x0001, 0x0001, 0x0001, 0x0001, 0x0001, 0x0001,
    0x0001, 0x0001, 0x0001, 0x0001, 0x0001, 0x0001, 0x0001, 0x0001, 0x0001, 0x0001, 0x0001, 0x0001,
    0x0001, 0x0001, 0x0001, 0x0001, 0x0001, 0x0001, 0x0001, 0x0001, 0x0001, 0x0001, 0x0001, 0x0001,
    0x0001, 0x0001, 0x0001, 0x0001, 0x0001, 0x0001, 0x0001, 0x0001, 0x0001, 0x0001, 0x0001, 0x0001,
    0x0001, 0x0001, 0x0001, 0x0001, 0x0001, 0x0001, 0x0001, 0x0001, 0x0001, 0x0001, 0x0001, 0x0001,
    0x0001, 0x0001, 0x0001, 0x0001, 0x0001, 0x0001, 0x0001, 0x0001, 0x0001, 0x0001, 0x0001, 0x0001,
    0x0001, 0x0001, 0x0001, 0x0001, 0x0001, 0x0001, 0x0001, 0x0001, 0x0001, 0x0001, 0x0001, 0x0001,
    0x0001, 0x0001, 0x0001, 0x0001, 0x0001, 0x0001, 0x0001, 0x0001, 0x0001, 0x0001, 0x0001, 0x0001,
    0x0001, 0x0001, 0x0001, 0x0001, 0x0001, 0x0001, 0x0001, 0x0001, 0x0001, 0x0001, 0x0001, 0x0001,
    0x0001, 0x0001, 0x0001, 0x0001, 0x0001, 0x0001, 0x0001, 0x0001, 0x0001, 0x0001, 0x0001, 0x0001,
    0x0001, 0x0001, 0x0001, 0x0001, 0x0001, 0x0001, 0x0001, 0x0001, 0x0001, 0x0001, 0x0001, 0x0001,
    0x0001, 0x0001, 0x0001, 0x0001, 0x0001, 0x0001, 0x0001, 0x0001, 0x0001, 0x0001, 0x0001, 0x0001,
    0x0001, 0x0001, 0x0001, 0x0001, 0x0001, 0x0001, 0x0001, 0x0001, 0x0001, 0x0001, 0x0001, 0x0001,
    0x0001, 0x0001, 0x0001, 0x0001, 0x0001, 0x0001, 0x0001, 0x0001, 0x0001, 0x0001, 0x0001, 0x0001,
    0x0001, 0x0001, 0x0001, 0x0001, 0x0001, 0x0001, 0x0001, 0x0001, 0x0001, 0x0001, 0x0001, 0x0001,
    0x0001, 0x0001, 0x0001, 0x0001, 0x0001, 0x0001, 0x0001, 0x0001, 0x0001, 0x0001, 0x0001, 0x0001,
    0x0001, 0x0001, 0x0001, 0x0001, 0x0001, 0x0001, 0x0001, 0x0001, 0x0001, 0x0001, 0x0001, 0x0001,
    0x0001, 0x0001, 0x0001, 0x0001, 0x0001, 0x0001, 0x0001, 0x0001, 0x0001, 0x0001, 0x0001, 0x0001,
    0x0001, 0x0001, 0x0001, 0x0001, 0x0001, 0x0001, 0x0001, 0x0001, 0x0001, 0x0001, 0x0001, 0x0001,
    0x0001, 0x0001, 0x0001, 0x0001, 0x0001, 0x0001, 0x0001, 0x0001, 0x0001, 0x0001, 0x0001, 0x0001,
    0x0001, 0x0001, 0x0001, 0x0001, 0x0001, 0x0001, 0x0001, 0x0001, 0x0001, 0x0001, 0x0001, 0x0001,
    0x0001, 0x0001, 0x0001, 0x0001, 0x0001, 0x0001, 0x0001, 0x0001, 0x0001, 0x0001, 0x0001, 0x0001,
    0x0001, 0x0001, 0x0001, 0x0001, 0x0001, 0x0001, 0x0001, 0x0001, 0x0001, 0x0001, 0x0001, 0x0001,
    0x0001, 0x0001, 0x0001, 0x0001, 0x0001, 0x0001, 0x0001, 0x0001, 0x0001, 0x0001, 0x0001, 0x0001,
    0x0001, 0x0001, 0x0001, 0x0001, 0x0001, 0x0001, 0x0001, 0x0001, 0x0001, 0x0001, 0x0001, 0x0001,
    0x0001, 0x0001, 0x0001, 0x0001, 0x0001, 0x0001, 0x0001, 0x0001, 0x0001, 0x0001, 0x0001, 0x0001,
    0x0001, 0x0001, 0x0001, 0x0001, 0x0001, 0x0001, 0x0001, 0x0001, 0x0001, 0x0001, 0x0001, 0x0001,
    0x0001, 0x0001, 0x0001, 0x0001, 0x0001, 0x0001, 0x0001, 0x0001, 0x0001, 0x0001, 0x0001, 0x0001,
    0x0001, 0x0001, 0x0001, 0x0001, 0x0001, 0x0001, 0x0001, 0x0001, 0x0001, 0x0001, 0x0001, 0x0001,
    0x0001, 0x0001, 0x0001, 0x0001, 0x0001, 0x0001, 0x0001, 0x0001, 0x0001, 0x0001, 0x0001, 0x0001,
    0x0001, 0x0001, 0x0001, 0x0001, 0x0001, 0x0001, 0x0001, 0x0001, 0x0001, 0x0001, 0x0001, 0x0001,
    0x0001, 0x0001, 0x0001, 0x0001, 0x0001, 0x0001, 0x0001, 0x0001, 0x0001, 0x0001, 0x0001, 0x0001,
    0x0001, 0x0001, 0x0001, 0x0001, 0x0001, 0x0001, 0x0001, 0x0001, 0x0001, 0x0001, 0x0001, 0x0001,
    0x0001, 0x0001, 0x0001, 0x0001, 0x0001, 0x0001, 0x0001, 0x0001, 0x0001, 0x0001, 0x0001, 0x0001,
    0x0001, 0x0001, 0x0001, 0x0001, 0x0001, 0x0001, 0x0001, 0x0001, 0x0001, 0x0001, 0x0001, 0x0001,
    0x0001, 0x0001, 0x0001, 0x0001, 0x0001, 0x0001, 0x0001, 0x0001, 0x0001, 0x0001, 0x0001, 0x0001,
    0x0001, 0x0001, 0x0001, 0x0001, 0x0001, 0x0001, 0x0001, 0x0001, 0x0001, 0x0001, 0x0001, 0x0001,
    0x0001, 0x0001, 0x0001, 0x0001, 0x0001, 0x0001, 0x0001, 0x0001, 0x0001, 0x0001, 0x0001, 0x0001,
    0x0001, 0x0001, 0x0001, 0x0001, 0x0001, 0x0001, 0x0001, 0x0001, 0x0001, 0x0001, 0x0001, 0x0001,
    0x0001, 0x0001, 0x0001, 0x0001, 0x0001, 0x0001, 0x0001, 0x0001, 0x0001, 0x0001, 0x0001, 0x0001,
    0x0001, 0x0001, 0x0001, 0x0001, 0x0001, 0x0001, 0x0001, 0x0001, 0x0001, 0x0001, 0x0001, 0x0001,
    0x0001, 0x0001, 0x0001, 0x0001, 0x0001, 0x0001, 0x0001, 0x0001, 0x0001, 0x0001, 0x0001, 0x0001,
    0x0001, 0x0001, 0x0001, 0x0001, 0x0001, 0x0001, 0x0001, 0x0001, 0x0001, 0x0001, 0x0001, 0x0001,
    0x0001, 0x0001, 0x0001, 0x0001, 0x0001, 0x0001, 0x0001, 0x0001, 0x0001, 0x0001, 0x0001, 0x0001,
    0x0001, 0x0001, 0x0001, 0x0001, 0x0001, 0x0001, 0x0001, 0x0001, 0x0001, 0x0001, 0x0001, 0x0001,
    0x0001, 0x0001, 0x0001, 0x0001, 0x0001, 0x0001, 0x0001, 0x0001, 0x0001, 0x0001, 0x0001, 0x0001,
    0x0001, 0x0001, 0x0001, 0x0001, 0x0001, 0x0001, 0x0001, 0x0001, 0x0001, 0x0001, 0x0001, 0x0001,
    0x0001, 0x0001, 0x0001, 0x0001, 0x0001, 0x0001, 0x0001, 0x0001, 0x0001, 0x0001, 0x0001, 0x0001,
    0x0001, 0x0001, 0x0001, 0x0001, 0x0001, 0x0001, 0x0001, 0x0001, 0x0001, 0x0001, 0x0001, 0x0001,
    0x0001, 0x0001, 0x0001, 0x0001, 0x0001, 0x0001, 0x0001, 0x0001, 0x0001, 0x0001, 0x0001, 0x0001,
    0x0001, 0x0001, 0x0001, 0x0001, 0x0001, 0x0001, 0x0001, 0x0001, 0x0001, 0x0001, 0x0001, 0x0001,
    0x0001, 0x0001, 0x0001, 0x0001, 0x0001, 0x0001, 0x0001, 0x0001, 0x0001, 0x0001, 0x0001, 0x0001,
    0x0001, 0x0001, 0x0001, 0x0001, 0x0001, 0x0001, 0x0001, 0x0001, 0x0001, 0x0001, 0x0001, 0x0001,
    0x0001, 0x0001, 0x0001, 0x0001, 0x0001, 0x0001, 0x0001, 0x0001, 0x0001, 0x0001, 0x0001, 0x0001,
    0x0001, 0x0001, 0x0001, 0x0001, 0x0001, 0x0001, 0x0001, 0x0001, 0x0001, 0x0001, 0x0001, 0x0001,
};

const uint16_t CAROUSEL_ICON_BLUETOOTH[CAROUSEL_ICON_PIXELS] PROGMEM = {
    0x0001, 0x0001, 0x0001, 0x0001, 0x0001, 0x0001, 0x0001, 0x0001, 0x0001, 0x0001, 0x0001, 0x0001,
    0x0001, 0x0001, 0x0001, 0x0001, 0x0001, 0x0001, 0x0001, 0x0001, 0x0001, 0x0001, 0x0001, 0x0001,
    0x0001, 0x0001, 0x0001, 0x0001, 0x0001, 0x0001, 0x0001, 0x0001, 0x0001, 0x0001, 0x0001, 0x0001,
    0x0001, 0x0001, 0x0001, 0x0001, 0x0001, 0x0001, 0x0001, 0x0001, 0x0001, 0x0001, 0x0001, 0x0001,
    0x0001, 0x0001, 0x0001, 0x0001, 0x0001, 0x0001, 0x0001, 0x0001, 0x0001, 0x0001, 0x0001, 0x0001,
    0x0001, 0x0001, 0x0001, 0x0001, 0x0001, 0x0001, 0x0001, 0x0001, 0x0001, 0x0001, 0x0001, 0x0001,
    0x0001, 0x0001, 0x0001, 0x0001, 0x0001, 0x0001, 0x0001, 0x0001, 0x0001, 0x0001, 0x0001, 0x0001,
    0x0001, 0x0001, 0x0001, 0x0001, 0x0001, 0x0001, 0x0001, 0x0001, 0x0001, 0x0001, 0x0001, 0x0001,
    0x0001, 0x0001, 0x0001, 0x0001, 0x0001, 0x0001, 0x0001, 0x0001, 0x0001, 0x0001, 0x0001, 0x0001,
    0x0001, 0x0001, 0x0001, 0x0001, 0x0001, 0x0001, 0x0001, 0x0001, 0x0001, 0x0001, 0x0001, 0x0001,
    0x0001, 0x0001, 0x0001, 0x0001, 0x0001, 0x0001, 0x0001, 0x0001, 0x0001, 0x0001, 0x0001, 0x0001,
    0x0001, 0x0001, 0x0001, 0x0001, 0x0001, 0x0001, 0x0001, 0x0001, 0x0001, 0x0001, 0x0001, 0x0001,
    0x0001, 0x0001, 0x0001, 0x0001, 0x0001, 0x0001, 0x0001, 0x0001, 0x0001, 0x0001, 0x0001, 0x0001,
    0x0001, 0x0001, 0x0001, 0x0001, 0x0001, 0x0001, 0x0001, 0x0001, 0x0001, 0x0001, 0x0001, 0x0001,
    0x0001, 0x0001, 0x0001, 0x0001, 0x0001, 0x0001, 0x0001, 0x0001, 0x0001, 0x0001, 0x0001, 0x0001,
    0x0001, 0x0001, 0x0001, 0x0001, 0x0001, 0x0001, 0x0001, 0x0001, 0x0001, 0x0001, 0x0001, 0x0001,
    0x0001, 0x0001, 0x0001, 0x0001, 0x0001, 0x0001, 0x0001, 0x0001, 0x0001, 0x0001, 0x0001, 0x0001,
    0x0001, 0x0001, 0x0001, 0x0001, 0x0001, 0x0001, 0x0001, 0x0001, 0x0001, 0x0001, 0x0001, 0x0001,
    0x0001, 0x0001, 0x0001, 0x0001, 0x0001, 0x0001, 0x0001, 0x0001, 0x0001, 0x0001, 0x0001, 0x0001,
    0x0001, 0x0001, 0x0001, 0x0001, 0x0001, 0x0001, 0x0001, 0x0001, 0x0001, 0x0001, 0x0001, 0x0001,
    0x0001, 0x0001, 0x0001, 0x0001, 0x0001, 0x0001, 0x0001, 0x0001, 0x0001, 0x0001, 0x0001, 0x0001,
    0x0001, 0x0001, 0x0001, 0x0001, 0x0001, 0x0001, 0x0001, 0x0001, 0x0001, 0x0001, 0x0001, 0x0001,
    0x0001, 0x0001, 0x0001, 0x0001, 0x0001, 0x0001, 0x0001, 0x0001, 0x0001, 0x0001, 0x0001, 0x0001,
    0x0001, 0x0001, 0x0001, 0x0001, 0x0001, 0x0001, 0x0001, 0x0001, 0x0001, 0x0001, 0x0001, 0x0001,
    0x0001, 0x0001, 0x0001, 0x0001, 0x0001, 0x0001, 0x0001, 0x0001, 0x0001, 0x0001, 0x0001, 0x0001,
    0x0001, 0x0001, 0x0001, 0x0001, 0x0001, 0x0001, 0x0001, 0x0001, 0x0001, 0x0001, 0x0001, 0x0001,
    0x0001, 0x0001, 0x0001, 0x0001, 0x0001, 0x0001, 0x0001, 0x0001, 0x0001, 0x0001, 0x0001, 0x0001,
    0x0001, 0x0001, 0x0001, 0x0001, 0x0001, 0x0001, 0x0001, 0x0001, 0x0001, 0x0001, 0x0001, 0x0001,
    0x0001, 0x0001, 0x0001, 0x0001, 0x0001, 0x0001, 0x0001, 0x0001, 0x0001, 0x0001, 0x0001, 0x0001,
    0x0001, 0x0001, 0x0001, 0x0001, 0x0001, 0x0001, 0x0001, 0x0001, 0x0001, 0x0001, 0x0001, 0x0001,
    0x0001, 0x0001, 0x0001, 0x0001, 0x0001, 0x0001, 0x0001, 0x0001, 0x0001, 0x0001, 0x0001, 0x0001,
    0x0001, 0x0001, 0x0001, 0x0001, 0x0001, 0x0001, 0x0001, 0x0001, 0x0001, 0x0001, 0x0001, 0x0001,
    0x0001, 0x0001, 0x0001, 0x0001, 0x0001, 0x0001, 0x0001, 0x0001, 0x0001, 0x0001, 0x0001, 0x0001,
    0x0001, 0x0001, 0x0001, 0x0001, 0x0001, 0x0001, 0x0001, 0x0001, 0x0001, 0x0001, 0x0001, 0x0001,
    0x0001, 0x0001, 0x0001, 0x0001, 0x0001, 0x0001, 0x0001, 0x0001, 0x0001, 0x0001, 0x0001, 0x0001,
    0x0001, 0x0001, 0x0001, 0x0001, 0x0001, 0x0001, 0x0001, 0x0001, 0x0001, 0x0001, 0x0001, 0x0001,
    0x0001, 0x0001, 0x0001, 0x0001, 0x0001, 0x0001, 0x0001, 0x0001, 0x0001, 0x0001, 0x0001, 0x0001,
    0x0001, 0x0001, 0x0001, 0x0001, 0x0001, 0x0001, 0x0001, 0x0001, 0x0001, 0x0001, 0x0001, 0x0001,
    0x0001, 0x0001, 0x0001, 0x0001, 0x0001, 0x0001, 0x0001, 0x0001, 0x0001, 0x0001, 0x0001, 0x0001,
    0x0001, 0x0001, 0x0001, 0x0001, 0x0001, 0x0001, 0x0001, 0x0001, 0x0001, 0x0001, 0x0001, 0x0001,
    0x0001, 0x0001, 0x0001, 0x0001, 0x0001, 0x0001, 0x0001, 0x0001, 0x0001, 0x0001, 0x0001, 0x0001,
    0x0001, 0x0001, 0x0001, 0x0001, 0x0001, 0x0001, 0x0001, 0x0001, 0x0001, 0x0001, 0x0001, 0x0001,
    0x0001, 0x0001, 0x0001, 0x0001, 0x0001, 0x0001, 0x0001, 0x0001, 0x0001, 0x0001, 0x0001, 0x0001,
    0x0001, 0x0001, 0x0001, 0x0001, 0x0001, 0x0001, 0x0001, 0x0001, 0x0001, 0x0001, 0x0001, 0x0001,
    0x0001, 0x0001, 0x0001, 0x0001, 0x0001, 0x0001, 0x0001, 0x0001, 0x0001, 0x0001, 0x0001, 0x0001,
    0x0001, 0x0001, 0x0001, 0x0001, 0x0001, 0x0001, 0x0001, 0x0001, 0x0001, 0x0001, 0x0001, 0x0001,
    0x0001, 0x0001, 0x0001, 0x0001, 0x0001, 0x0001, 0x0001, 0x0001, 0x0001, 0x0001, 0x0001, 0x0001,
    0x0001, 0x0001, 0x0001, 0x0001, 0x0001, 0x0001, 0x0001, 0x0001, 0x0001, 0x0001, 0x0001, 0x0001,
    0x0001, 0x0001, 0x0001, 0x0001, 0x0001, 0x0001, 0x0001, 0x0001, 0x0001, 0x0001, 0x0001, 0x0001,
    0x0001, 0x0001, 0x0001, 0x0001, 0x0001, 0x0001, 0x0001, 0x0001, 0x0001, 0x0001, 0x0001, 0x0001,
    0x0001, 0x0001, 0x0001, 0x0001, 0x0001, 0x0001, 0x0001, 0x0001, 0x0001, 0x0001, 0x0001, 0x0001,
    0x0001, 0x0001, 0x0001, 0x0001, 0x0001, 0x0001, 0x0001, 0x0001, 0x0001, 0x0001, 0x0001, 0x0001,
    0x0001, 0x0001, 0x0001, 0x0001, 0x0001, 0x0001, 0x0001, 0x0001, 0x0001, 0x0001, 0x0001, 0x0001,
    0x0001, 0x0001, 0x0001, 0x0001, 0x0001, 0x0001, 0x0001, 0x0001, 0x0001, 0x0001, 0x0001, 0x0001,
    0x0001, 0x0001, 0x0001, 0x0001, 0x0001, 0x0001, 0x0001, 0x0001, 0x0001, 0x0001, 0x0001, 0x0001,
    0x0001, 0x0001, 0x0001, 0x0001, 0x0001, 0x0001, 0x0001, 0x0001, 0x0001, 0x0001, 0x0001, 0x0001,
    0x0001, 0x0001, 0x0001, 0x0001, 0x0001, 0x0001, 0x0001, 0x0001, 0x0001, 0x0001, 0x0001, 0x0001,
    0x0001, 0x0001, 0x0001, 0x0001, 0x0001, 0x0001, 0x0001, 0x0001, 0x0001, 0x0001, 0x0001, 0x0001,
    0x0001, 0x0001, 0x0001, 0x0001, 0x0001, 0x0001, 0x0001, 0x0001, 0x0001, 0x0001, 0x0001, 0x0001,
    0x0001, 0x0001, 0x0001, 0x0001, 0x0001, 0x0001, 0x0001, 0x0001, 0x0001, 0x0001, 0x0001, 0x0001,
    0x0001, 0x0001, 0x0001, 0x0001, 0x0001, 0x0001, 0x0001, 0x0001, 0x0001, 0x0001, 0x0001, 0x0001,
    0x0001, 0x0001, 0x0001, 0x0001, 0x0001, 0x0001, 0x0001, 0x0001, 0x0001, 0x0001, 0x0001, 0x0001,
    0x0001, 0x0001, 0x0001, 0x0001, 0x0001, 0x0001, 0x0001, 0x0001, 0x0001, 0x0001, 0x0001, 0x0001,
    0x0001, 0x0001, 0x0001, 0x0001, 0x0001, 0x0001, 0x0001, 0x0001, 0x0001, 0x0001, 0x0001, 0x0001,
    0x0001, 0x0001, 0x0001, 0x0001, 0x2088, 0x4051, 0x304D, 0x10A4, 0x0001, 0x0001, 0x0001, 0x0001,
    0x0001, 0x0001, 0x0001, 0x0001, 0x0001, 0x0001, 0x0001, 0x0001, 0x0001, 0x0001, 0x0001, 0x0001,
    0x0001, 0x0001, 0x0001, 0x0001, 0x0001, 0x0001, 0x0001, 0x0001, 0x0001, 0x0001, 0x0001, 0x0001,
    0x0001, 0x0001, 0x0001, 0x0001, 0x0001, 0x0001, 0x0001, 0x0001, 0x0001, 0x0001, 0x0001, 0x0001,
    0x0001, 0x0001, 0x0001, 0x0001, 0x0001, 0x0001, 0x0001, 0x0001, 0x0001, 0x0001, 0x0001, 0x0001,
    0x0001, 0x0001, 0x0001, 0x0001, 0x0001, 0x0001, 0x0001, 0x0001, 0x0001, 0x0001, 0x0001, 0x0001,
    0x0001, 0x0001, 0x0001, 0x0884, 0x7198, 0xEE7F, 0xBBDF, 0x6097, 0x2089, 0x0001, 0x0001, 0x0001,
    0x0001, 0x0001, 0x0001, 0x0001, 0x0001, 0x0001, 0x0001, 0x0001, 0x0001, 0x0001, 0x0001, 0x0001,
    0x0001, 0x0001, 0x0001, 0x0001, 0x0001, 0x0001, 0x0001, 0x0001, 0x0001, 0x0001, 0x0001, 0x0001,
    0x0001, 0x0001, 0x0001, 0x0001, 0x0001, 0x0001, 0x0001, 0x0001, 0x0001, 0x0001, 0x0001, 0x0001,
    0x0001, 0x0001, 0x0001, 0x0001, 0x0001, 0x0001, 0x0001, 0x0001, 0x0001, 0x0001, 0x0001, 0x0001,
    0x0001, 0x0001, 0x0001, 0x0001, 0x0001, 0x0001, 0x0001, 0x0001, 0x0001, 0x0001, 0x0001, 0x0001,
    0x0001, 0x0001, 0x0001, 0x1084, 0x7157, 0xEE9F, 0xFFDF, 0xEE7F, 0x897C, 0x306D, 0x0001, 0x0001,
    0x0001, 0x0001, 0x0001, 0x0001, 0x0001, 0x0001, 0x0001, 0x0001, 0x0001, 0x0001, 0x0001, 0x0001,
    0x0001, 0x0001, 0x0001, 0x0001, 0x0001, 0x0001, 0x0001, 0x0001, 0x0001, 0x0001, 0x0001, 0x0001,
    0x0001, 0x0001, 0x0001, 0x0001, 0x0001, 0x0001, 0x0001, 0x0001, 0x0001, 0x0001, 0x0001, 0x0863,
    0x1887, 0x18C7, 0x0001, 0x0001, 0x0001, 0x0001, 0x0001, 0x0001, 0x0001, 0x0001, 0x0001, 0x0001,
    0x0001, 0x0001, 0x0001, 0x0001, 0x0001, 0x0001, 0x0001, 0x0001, 0x0001, 0x0001, 0x0001, 0x0001,
    0x0001, 0x0001, 0x0001, 0x0001, 0x20A8, 0x5896, 0xB35F, 0xFFFF, 0xFF7F, 0x91DD, 0x286C, 0x0001,
    0x0001, 0x0001, 0x0001, 0x0001, 0x0001, 0x0001, 0x0001, 0x0001, 0x0001, 0x0001, 0x0001, 0x0001,
    0x0001, 0x0001, 0x0001, 0x0001, 0x0001, 0x0001, 0x0001, 0x0001, 0x0001, 0x0001, 0x0001, 0x0001,
    0x0001, 0x0001, 0x0001, 0x0001, 0x0001, 0x0001, 0x0001, 0x0001, 0x0001, 0x0001, 0x0001, 0x0864,
    0x284B, 0x30CC, 0x312C, 0x1065, 0x0001, 0x0001, 0x0001, 0x0001, 0x0001, 0x0001, 0x0001, 0x0001,
    0x0001, 0x0001, 0x0001, 0x0001, 0x0001, 0x0001, 0x0001, 0x0001, 0x0001, 0x0001, 0x0001, 0x0001,
    0x0001, 0x0001, 0x10A4, 0x490F, 0x6136, 0x38AE, 0x386F, 0x91FD, 0xFF7F, 0xF75F, 0x815B, 0x2088,
    0x0001, 0x0001, 0x0001, 0x0001, 0x0001, 0x0001, 0x0001, 0x0001, 0x0001, 0x0001, 0x0001, 0x0001,
    0x0001, 0x0001, 0x0001, 0x0001, 0x0001, 0x0001, 0x0001, 0x0001, 0x0001, 0x0001, 0x0001, 0x0001,
    0x0001, 0x0001, 0x0001, 0x0001, 0x0001, 0x0001, 0x0001, 0x0001, 0x0001, 0x0001, 0x0001, 0x0845,
    0x284C, 0x5836, 0x5075, 0x7158, 0x30CA, 0x0001, 0x0001, 0x0001, 0x0001, 0x0001, 0x0001, 0x0001,
    0x0001, 0x0001, 0x0001, 0x0001, 0x0001, 0x0001, 0x0001, 0x0001, 0x0001, 0x1065, 0x48F0, 0x6934,
    0x410E, 0x0001, 0x2069, 0xBBDF, 0xFF9F, 0xB35F, 0x50B2, 0x388E, 0x9A1D, 0xFFFF, 0xE5FF, 0x5877,
    0x10C4, 0x0001, 0x0001, 0x0001, 0x0001, 0x0001, 0x0001, 0x0001, 0x0001, 0x0001, 0x0001, 0x0001,
    0x0001, 0x0001, 0x0001, 0x0001, 0x0001, 0x0001, 0x0001, 0x0001, 0x0001, 0x0001, 0x0001, 0x0001,
    0x0001, 0x0001, 0x0001, 0x0001, 0x0001, 0x0001, 0x0001, 0x0001, 0x0001, 0x0001, 0x0001, 0x1065,
    0x304D, 0x705A, 0xC3BF, 0x899D, 0xAA9E, 0x492D, 0x0001, 0x0001, 0x0001, 0x0001, 0x0001, 0x0001,
    0x0001, 0x0001, 0x0001, 0x0001, 0x0001, 0x0001, 0x0001, 0x0001, 0x0001, 0x6975, 0x817A, 0x50D3,
    0xBABF, 0x38CC, 0x18A5, 0x79B9, 0xE5DF, 0xFFFF, 0xCCBF, 0x50B3, 0x4070, 0xC41F, 0xFFFF, 0xAADF,
    0x304C, 0x0001, 0x0001, 0x0001, 0x0001, 0x0001, 0x0001, 0x0001, 0x0001, 0x0001, 0x0001, 0x0001,
    0x0001, 0x0001, 0x0001, 0x0001, 0x0001, 0x0001, 0x0001, 0x0001, 0x0001, 0x0001, 0x0001, 0x0001,
    0x0001, 0x0001, 0x0001, 0x0001, 0x0001, 0x0001, 0x0001, 0x0001, 0x0001, 0x0001, 0x0001, 0x1066,
    0x306E, 0x601A, 0xEE3F, 0xE67F, 0x99BE, 0xB2DF, 0x596F, 0x0001, 0x0001, 0x0001, 0x0001, 0x0001,
    0x0001, 0x0001, 0x0001, 0x0001, 0x0001, 0x0001, 0x0001, 0x0001, 0x0862, 0x8179, 0x384F, 0x0000,
    0x7938, 0x5912, 0x0001, 0x20C8, 0x5894, 0xC43F, 0xFFFF, 0xBBBF, 0x4090, 0x6918, 0xF75F, 0xEE7F,
    0x5876, 0x0001, 0x0001, 0x0001, 0x0001, 0x0001, 0x0001, 0x0001, 0x0001, 0x0001, 0x0001, 0x0001,
    0x0001, 0x0001, 0x0001, 0x0001, 0x0001, 0x0001, 0x0001, 0x0001, 0x0001, 0x0001, 0x0001, 0x0001,
    0x0001, 0x0001, 0x0001, 0x0001, 0x0001, 0x0001, 0x0001, 0x0001, 0x0001, 0x0001, 0x0001, 0x1066,
    0x386F, 0x681B, 0xDD9F, 0xFFFF, 0xEEBF, 0x99FE, 0xB2BF, 0x69B2, 0x0001, 0x0001, 0x0001, 0x0001,
    0x0001, 0x0001, 0x0001, 0x0001, 0x0001, 0x0001, 0x0001, 0x0001, 0x0862, 0x8179, 0x4070, 0x0000,
    0x7978, 0x6133, 0x414C, 0x71F6, 0x490E, 0x5074, 0xDD9F, 0xFFDF, 0x7979, 0x4050, 0xC47F, 0xFFFF,
    0x89BB, 0x1867, 0x0001, 0x0001, 0x0001, 0x0001, 0x0001, 0x0001, 0x0001, 0x0001, 0x0001, 0x0001,
    0x0001, 0x0001, 0x0001, 0x0001, 0x0001, 0x0001, 0x0001, 0x0001, 0x0001, 0x0001, 0x0001, 0x0001,
    0x0001, 0x0001, 0x0001, 0x0001, 0x0001, 0x0001, 0x0001, 0x0001, 0x0001, 0x0001, 0x0001, 0x1867,
    0x3870, 0x681B, 0xE5BF, 0xFFFF, 0xFFFF, 0xF73F, 0x9A3E, 0x99DE, 0x6173, 0x0001, 0x0001, 0x0001,
    0x0001, 0x0001, 0x0001, 0x0001, 0x0001, 0x0001, 0x0001, 0x0001, 0x0862, 0x8179, 0x4070, 0x0000,
    0x7998, 0x6915, 0x82B8, 0xFFFF, 0xB37E, 0x4090, 0x81DA, 0xFFFF, 0xBC1E, 0x384F, 0x927B, 0xFFFF,
    0xB37E, 0x284B, 0x0001, 0x0001, 0x0001, 0x0001, 0x0001, 0x0001, 0x0001, 0x0001, 0x0001, 0x0001,
    0x0001, 0x0001, 0x0001, 0x0001, 0x0001, 0x0001, 0x0001, 0x0001, 0x0001, 0x0001, 0x0001, 0x0001,
    0x0001, 0x0001, 0x0001, 0x0001, 0x0001, 0x0001, 0x0001, 0x0001, 0x0001, 0x0001, 0x0001, 0x1868,
    0x4070, 0x681B, 0xE5BF, 0xFFFF, 0xF79F, 0xFFFF, 0xFF9F, 0x9ABD, 0x811C, 0x5933, 0x0884, 0x0001,
    0x0001, 0x0001, 0x0001, 0x0001, 0x0001, 0x0001, 0x0001, 0x0001, 0x0062, 0x8199, 0x4071, 0x0000,
    0x7178, 0x6154, 0x48F1, 0xDD9F, 0xFFBF, 0x7157, 0x58B4, 0xF6DF, 0xE63F, 0x4872, 0x7198, 0xFFFF,
    0xCCBF, 0x384E, 0x0001, 0x0001, 0x0001, 0x0001, 0x0001, 0x0001, 0x0001, 0x0001, 0x0001, 0x0001,
    0x0001, 0x0001, 0x0001, 0x0001, 0x0001, 0x0001, 0x0001, 0x0001, 0x0001, 0x0001, 0x0001, 0x0001,
    0x0001, 0x0001, 0x0001, 0x0001, 0x0001, 0x0001, 0x0001, 0x0001, 0x0001, 0x0001, 0x0001, 0x2068,
    0x3870, 0x681B, 0xE5BF, 0xFFFF, 0xFFBF, 0xFFBF, 0xFFDF, 0xFFFF, 0xAB7D, 0x689B, 0x4931, 0x1084,
    0x0001, 0x0001, 0x0001, 0x0001, 0x0001, 0x0001, 0x0001, 0x0001, 0x0063, 0x8159, 0x4070, 0x0000,
    0x7157, 0x6134, 0x18A7, 0x923C, 0xFFFF, 0x929A, 0x4852, 0xDDDF, 0xF6FF, 0x58B4, 0x6937, 0xFFBF,
    0xD53F, 0x4050, 0x0001, 0x0001, 0x0001, 0x0001, 0x0001, 0x0001, 0x0001, 0x0001, 0x0001, 0x0001,
    0x0001, 0x0001, 0x0001, 0x0001, 0x0001, 0x0001, 0x0001, 0x0001, 0x0001, 0x0001, 0x0001, 0x0001,
    0x0001, 0x0001, 0x0001, 0x0001, 0x0001, 0x0001, 0x0001, 0x0001, 0x0001, 0x0001, 0x0001, 0x2069,
    0x3870, 0x681B, 0xE5BF, 0xFFFF, 0xFFBF, 0xFFFF, 0xFFDF, 0xF7BF, 0xFFFF, 0xBC3E, 0x6099, 0x4931,
    0x1085, 0x0001, 0x0001, 0x0001, 0x0001, 0x0001, 0x0001, 0x0001, 0x0063, 0x7939, 0x5093, 0x1028,
    0x797A, 0x6134, 0x28CA, 0xA33D, 0xFFFF, 0x8219, 0x4852, 0xE61F, 0xEEBF, 0x5094, 0x7157, 0xFFDF,
    0xD51F, 0x4050, 0x0001, 0x0001, 0x0001, 0x0001, 0x0001, 0x0001, 0x0001, 0x0001, 0x0001, 0x0001,
    0x0001, 0x0001, 0x0001, 0x0001, 0x0001, 0x0001, 0x0001, 0x0001, 0x0001, 0x0001, 0x0001, 0x0001,
    0x0001, 0x0001, 0x0001, 0x0001, 0x0001, 0x0001, 0x0001, 0x0001, 0x0001, 0x0001, 0x0001, 0x2069,
    0x4071, 0x601B, 0xE5BF, 0xFFFF, 0xFFBF, 0xDCFF, 0xF73F, 0xFFFF, 0xF79F, 0xFFFF, 0xCCFE, 0x68B9,
    0x4932, 0x10A5, 0x0001, 0x0001, 0x0001, 0x0001, 0x0001, 0x0001, 0x0864, 0x89DA, 0x89FB, 0x6976,
    0xAB1E, 0x69B4, 0x40EE, 0xEE9F, 0xEE5F, 0x50B4, 0x60D5, 0xFF5F, 0xD57F, 0x4052, 0x81D9, 0xFFFF,
    0xC43F, 0x304D, 0x0001, 0x0001, 0x0001, 0x0001, 0x0001, 0x0001, 0x0001, 0x0001, 0x0001, 0x0001,
    0x0001, 0x0001, 0x0001, 0x0001, 0x0001, 0x0001, 0x0001, 0x0001, 0x0001, 0x0001, 0x0001, 0x0001,
    0x0001, 0x0001, 0x0001, 0x0001, 0x1887, 0x30EC, 0x1867, 0x0001, 0x0001, 0x0001, 0x0001, 0x2069,
    0x4071, 0x601B, 0xE5BF, 0xFFFF, 0xFFFF, 0xAA5F, 0x917F, 0xFF3F, 0xFFFF, 0xF79F, 0xFFFF, 0xDD9F,
    0x68DA, 0x4913, 0x20A7, 0x0001, 0x0001, 0x0001, 0x0001, 0x0001, 0x0884, 0x7999, 0x7979, 0x5133,
    0x9A7C, 0x6174, 0x2909, 0x8A79, 0x71B7, 0x38AE, 0xA31C, 0xFFFF, 0xA2FD, 0x4050, 0xA31D, 0xFFFF,
    0x9A9D, 0x1868, 0x0001, 0x0001, 0x0001, 0x0001, 0x0001, 0x0001, 0x0001, 0x0001, 0x0001, 0x0001,
    0x0001, 0x0001, 0x0001, 0x0001, 0x0001, 0x0001, 0x0001, 0x0001, 0x0001, 0x0001, 0x0001, 0x0001,
    0x0001, 0x0001, 0x0001, 0x2069, 0x4815, 0x6098, 0x40D1, 0x204A, 0x1065, 0x0001, 0x0001, 0x2069,
    0x4071, 0x601B, 0xE5BF, 0xFFFF, 0xFFFF, 0xAAFE, 0x4019, 0x815D, 0xF6BF, 0xFFFF, 0xF79F, 0xFFFF,
    0xEE3F, 0x793A, 0x50D6, 0x30CB, 0x0001, 0x0001, 0x0001, 0x0001, 0x0063, 0x8179, 0x6957, 0x40CF,
    0x923B, 0x6954, 0x0001, 0x18A6, 0x18E5, 0x388D, 0xE5FF, 0xF6BF, 0x60D6, 0x5093, 0xDDDF, 0xFFBF,
    0x70F9, 0x10A4, 0x0001, 0x0001, 0x0001, 0x0001, 0x0001, 0x0001, 0x0001, 0x0001, 0x0001, 0x0001,
    0x0001, 0x0001, 0x0001, 0x0001, 0x0001, 0x0001, 0x0001, 0x0001, 0x0001, 0x0001, 0x0001, 0x0001,
    0x0001, 0x0863, 0x286B, 0x4817, 0x9A3E, 0xE59F, 0x899C, 0x4092, 0x204A, 0x1867, 0x18A6, 0x2049,
    0x386F, 0x601B, 0xE5BF, 0xFFFF, 0xFFFF, 0xB2FF, 0x8A1A, 0x58F6, 0x70BC, 0xEE1F, 0xFFFF, 0xF7BF,
    0xFFFF, 0xF6DF, 0x817A, 0x60B8, 0x514F, 0x0001, 0x0001, 0x0001, 0x0864, 0x68F7, 0x4070, 0x0883,
    0x5934, 0x6113, 0x10A4, 0x0001, 0x0001, 0x20C7, 0x79D7, 0x7978, 0x38AD, 0x921B, 0xFFFF, 0xCCBF,
    0x4051, 0x0001, 0x0001, 0x0001, 0x0001, 0x0001, 0x0001, 0x0001, 0x0001, 0x0001, 0x0001, 0x0001,
    0x0001, 0x0001, 0x0001, 0x0001, 0x0001, 0x0001, 0x0001, 0x0001, 0x0001, 0x0001, 0x0001, 0x0001,
    0x0001, 0x2069, 0x4015, 0xAB3E, 0xFF9F, 0xFFDF, 0xEEBF, 0x91FD, 0x4874, 0x286B, 0x58F3, 0x50B3,
    0x306E, 0x601B, 0xE5BF, 0xFFFF, 0xFFFF, 0xAADE, 0x819A, 0x410E, 0x200E, 0x685B, 0xD53F, 0xFFDF,
    0xFFBF, 0xFFFF, 0xFF7F, 0x8A3A, 0x5935, 0x10A6, 0x0001, 0x0001, 0x6152, 0xDC7E, 0x69AE, 0x72AA,
    0xB4D1, 0xEEBC, 0x61CE, 0x0001, 0x0001, 0x0001, 0x1085, 0x10C4, 0x408F, 0xE65F, 0xFFDF, 0x791B,
    0x18A6, 0x0001, 0x0001, 0x0001, 0x0001, 0x0001, 0x0001, 0x0001, 0x0001, 0x0001, 0x0001, 0x0001,
    0x0001, 0x0001, 0x0001, 0x0001, 0x0001, 0x0001, 0x0001, 0x0001, 0x0001, 0x0001, 0x0001, 0x0001,
    0x0001, 0x0864, 0x3010, 0x9A5E, 0xF71F, 0xFFBF, 0xFFBF, 0xFF5F, 0xA29E, 0x5055, 0x288B, 0x1828,
    0x306D, 0x681C, 0xE5BF, 0xFFFF, 0xFFFF, 0xA29E, 0x60D9, 0x38CE, 0x38ED, 0x3012, 0x803E, 0xF6FF,
    0xFFDF, 0xFFFF, 0xF73F, 0x81DA, 0x1008, 0x0063, 0x0883, 0x0062, 0x6151, 0xECBF, 0x3885, 0x4102,
    0xB48B, 0xFFFD, 0x6A0E, 0x0001, 0x0001, 0x0001, 0x0001, 0x0001, 0x28AA, 0xA35C, 0xA2DD, 0x306D,
    0x0001, 0x0001, 0x0001, 0x0001, 0x0001, 0x0001, 0x0001, 0x0001, 0x0001, 0x0001, 0x0001, 0x0001,
    0x0001, 0x0001, 0x0001, 0x0001, 0x0001, 0x0001, 0x0001, 0x0001, 0x0001, 0x0001, 0x0001, 0x0001,
    0x0001, 0x0001, 0x0863, 0x3010, 0x897E, 0xEEBF, 0xFFDF, 0xF79F, 0xFFBF, 0xB35E, 0x5057, 0x1867,
    0x286A, 0x681B, 0xE5BF, 0xFFFF, 0xFFFF, 0xA2BE, 0x60D9, 0x7215, 0x8A59, 0x687B, 0xDD9F, 0xFFDF,
    0xFFFF, 0xF6FF, 0x815C, 0x200C, 0x1826, 0x40CF, 0x5953, 0x48D1, 0x7175, 0xCBDD, 0x40AA, 0x3903,
    0x936C, 0xE65C, 0x8A75, 0x5111, 0x18A7, 0x0001, 0x0001, 0x0001, 0x0001, 0x2069, 0x2069, 0x0001,
    0x0001, 0x0001, 0x0001, 0x0001, 0x0001, 0x0001, 0x0001, 0x0001, 0x0001, 0x0001, 0x0001, 0x0001,
    0x0001, 0x0001, 0x0001, 0x0001, 0x0001, 0x0001, 0x0001, 0x0001, 0x0001, 0x0001, 0x0001, 0x0001,
    0x0001, 0x0001, 0x0001, 0x0883, 0x280F, 0x78FD, 0xE63F, 0xFFFF, 0xF77F, 0xFFFF, 0xC41F, 0x5878,
    0x38D0, 0x601A, 0xE59F, 0xFFFF, 0xFFFF, 0xAADE, 0x817A, 0x48B3, 0x80FD, 0xE5DF, 0xFFFF, 0xFFFF,
    0xF6DF, 0x793B, 0x200B, 0x0002, 0x304D, 0x6155, 0x7197, 0x7198, 0x7197, 0x6136, 0x388E, 0x20C7,
    0x308E, 0x7198, 0x8A1A, 0xC31F, 0xA27C, 0x2068, 0x0001, 0x0001, 0x0001, 0x0001, 0x0001, 0x0001,
    0x0001, 0x0001, 0x0001, 0x0001, 0x0001, 0x0001, 0x0001, 0x0001, 0x0001, 0x0001, 0x0001, 0x0001,
    0x0001, 0x0001, 0x0001, 0x0001, 0x0001, 0x0001, 0x0001, 0x0001, 0x0001, 0x0001, 0x0001, 0x0001,
    0x0001, 0x0001, 0x0001, 0x0001, 0x0882, 0x280C, 0x689B, 0xDD9F, 0xFFFF, 0xF77F, 0xFFFF, 0xD4FF,
    0x689A, 0x581A, 0xE5DF, 0xFFFF, 0xFFFF, 0xC37F, 0x89DA, 0x813D, 0xDDDF, 0xFFFF, 0xFFFF, 0xEE9F,
    0x711B, 0x180A, 0x0823, 0x30AC, 0x390D, 0x40EE, 0x40EF, 0x40F0, 0x40F0, 0x20AA, 0x2108, 0x2928,
    0x396B, 0x30EC, 0x30CD, 0x4092, 0xB2DE, 0x89FA, 0x0865, 0x0001, 0x0001, 0x0001, 0x0001, 0x0001,
    0x0001, 0x0001, 0x0001, 0x0001, 0x0001, 0x0001, 0x0001, 0x0001, 0x0001, 0x0001, 0x0001, 0x0001,
    0x0001, 0x0001, 0x0001, 0x0001, 0x0001, 0x0001, 0x0001, 0x0001, 0x0001, 0x0001, 0x0001, 0x0001,
    0x0001, 0x0001, 0x0001, 0x0001, 0x0863, 0x202A, 0x302E, 0x6039, 0xD4FF, 0xFFFF, 0xF77F, 0xFFFF,
    0xDDBF, 0x889E, 0xDD7F, 0xFFFF, 0xFFFF, 0xAA9E, 0x78BD, 0xEE7F, 0xFFFF, 0xFFFF, 0xEE7F, 0x68FA,
    0x1809, 0x0824, 0x50B1, 0x48EF, 0x5152, 0x5972, 0x5973, 0x6995, 0x79D7, 0x71D5, 0x20E8, 0x1887,
    0xAC16, 0x6AAF, 0x6A6F, 0xAC96, 0x4894, 0xAAFE, 0x1848, 0x0001, 0x0001, 0x0001, 0x0001, 0x0001,
    0x0001, 0x0001, 0x0001, 0x0001, 0x0001, 0x0001, 0x0001, 0x0001, 0x0001, 0x0001, 0x0001, 0x0001,
    0x0001, 0x0001, 0x0001, 0x0001, 0x0001, 0x0001, 0x0001, 0x0001, 0x0001, 0x0001, 0x0001, 0x0001,
    0x0001, 0x0001, 0x0001, 0x0001, 0x0062, 0x5093, 0x284B, 0x202A, 0x5019, 0xC43F, 0xFFFF, 0xF77F,
    0xFFFF, 0xEE1F, 0xEE5F, 0xFFFF, 0xFFFF, 0xC3BF, 0xE61F, 0xFFFF, 0xFFFF, 0xE63F, 0x68DA, 0x1808,
    0x0824, 0x50D0, 0x30AB, 0x5991, 0x6192, 0x5992, 0x6193, 0x9239, 0x5151, 0x5952, 0x69B4, 0x1867,
    0x6A4D, 0x3967, 0x3127, 0x6ACD, 0x40F1, 0xA29E, 0x1848, 0x0001, 0x0001, 0x0001, 0x0001, 0x0001,
    0x0001, 0x0001, 0x0001, 0x0001, 0x0001, 0x0001, 0x0001, 0x0001, 0x0001, 0x0001, 0x0001, 0x0001,
    0x0001, 0x0001, 0x0001, 0x0001, 0x0001, 0x0001, 0x0001, 0x0001, 0x0001, 0x0001, 0x0001, 0x0001,
    0x0001, 0x0001, 0x0001, 0x0001, 0x0062, 0x58D5, 0x4070, 0x2048, 0x58F1, 0x4816, 0xB37E, 0xFFDF,
    0xF79F, 0xFFDF, 0xFFDF, 0xFFDF, 0xFFBF, 0xFFBF, 0xFFDF, 0xFFFF, 0xE61F, 0x60B9, 0x1829, 0x2048,
    0x50F1, 0x30AB, 0x6193, 0x412E, 0x20C8, 0x20E8, 0x20C8, 0x496E, 0x392C, 0x20E7, 0x61B3, 0x392B,
    0x0863, 0x0843, 0x0844, 0x1085, 0x4932, 0xA29E, 0x1868, 0x0001, 0x0001, 0x0001, 0x0001, 0x0001,
    0x0001, 0x0001, 0x0001, 0x0001, 0x0001, 0x0001, 0x0001, 0x0001, 0x0001, 0x0001, 0x0001, 0x0001,
    0x0001, 0x0001, 0x0001, 0x0001, 0x0001, 0x0001, 0x0001, 0x0001, 0x0001, 0x0001, 0x0001, 0x0001,
    0x0001, 0x0001, 0x0001, 0x0001, 0x0062, 0x6917, 0x5093, 0x1828, 0x48CF, 0x5911, 0x4815, 0xA2DE,
    0xFFBF, 0xFFDF, 0xFFBF, 0xFFDF, 0xFFDF, 0xFFBF, 0xFFFF, 0xDDDF, 0x6099, 0x1828, 0x0823, 0x286B,
    0x288A, 0x69B4, 0x412D, 0x10A6, 0x10C6, 0x49EA, 0x62CC, 0x628C, 0x628C, 0x6AED, 0x6AAC, 0x6AAD,
    0x6AED, 0x628C, 0x4A4B, 0x18C7, 0x4911, 0xA29E, 0x1848, 0x0001, 0x0001, 0x0001, 0x0001, 0x0001,
    0x0001, 0x0001, 0x0001, 0x0001, 0x0001, 0x0001, 0x0001, 0x0001, 0x0001, 0x0001, 0x0001, 0x0001,
    0x0001, 0x0001, 0x0001, 0x0001, 0x0001, 0x0001, 0x0001, 0x0001, 0x0001, 0x0001, 0x0001, 0x0001,
    0x0001, 0x0001, 0x0001, 0x0001, 0x0062, 0x6937, 0x5093, 0x5111, 0x7175, 0x306B, 0x58F0, 0x3011,
    0x923D, 0xF6FF, 0xFFDF, 0xFFDF, 0xFFDF, 0xFFFF, 0xD55F, 0x5879, 0x1808, 0x0002, 0x5932, 0x79D6,
    0x6173, 0x38CC, 0x0845, 0x10A6, 0x10C6, 0x3147, 0x59ED, 0x620F, 0x622E, 0x622E, 0x6A6E, 0x6A4E,
    0x622D, 0x7AB0, 0x3969, 0x10C6, 0x4911, 0xA29E, 0x1847, 0x0001, 0x0001, 0x0001, 0x0001, 0x0001,
    0x0001, 0x0001, 0x0001, 0x0001, 0x0001, 0x0001, 0x0001, 0x0001, 0x0001, 0x0001, 0x0001, 0x0001,
    0x0001, 0x0001, 0x0001, 0x0001, 0x0001, 0x0001, 0x0001, 0x0001, 0x0001, 0x0001, 0x0001, 0x0001,
    0x0001, 0x0001, 0x0001, 0x0001, 0x0062, 0x6937, 0x50B3, 0x308C, 0x5932, 0x0806, 0x50F1, 0x204A,
    0x4819, 0xD49F, 0xFFFF, 0xFFBF, 0xFFBF, 0xFFFF, 0xC43F, 0x4818, 0x20A9, 0x0804, 0x38EC, 0x40ED,
    0x2087, 0x41AB, 0x5A6D, 0x4A0B, 0x20E7, 0x522A, 0x30C9, 0x3909, 0x3107, 0x3128, 0x3128, 0x3928,
    0x3127, 0x414A, 0x6A6D, 0x4A2A, 0x40F0, 0xA29E, 0x1847, 0x0001, 0x0001, 0x0001, 0x0001, 0x0001,
    0x0001, 0x0001, 0x0001, 0x0001, 0x0001, 0x0001, 0x0001, 0x0001, 0x0001, 0x0001, 0x0001, 0x0001,
    0x0001, 0x0001, 0x0001, 0x0001, 0x0001, 0x0001, 0x0001, 0x0001, 0x0001, 0x0001, 0x0001, 0x0001,
    0x0001, 0x0001, 0x0001, 0x0001, 0x0062, 0x6937, 0x50B3, 0x308C, 0x48F0, 0x308B, 0x58F2, 0x5018,
    0xCC7F, 0xFFDF, 0xFFBF, 0xFFDF, 0xFFDF, 0xFFBF, 0xFFFF, 0xC43F, 0x5078, 0x20A9, 0x0844, 0x1085,
    0x2068, 0xABF5, 0xDE38, 0xB4F5, 0x20C6, 0x5209, 0x30E8, 0x3908, 0x3127, 0x3928, 0x3948, 0x3948,
    0x3127, 0x416A, 0x624B, 0x41C9, 0x40F1, 0xA2BE, 0x1847, 0x0001, 0x0001, 0x0001, 0x0001, 0x0001,
    0x0001, 0x0001, 0x0001, 0x0001, 0x0001, 0x0001, 0x0001, 0x0001, 0x0001, 0x0001, 0x0001, 0x0001,
    0x0001, 0x0001, 0x0001, 0x0001, 0x0001, 0x0001, 0x0001, 0x0001, 0x0001, 0x0001, 0x0001, 0x0001,
    0x0001, 0x0001, 0x0001, 0x0001, 0x0062, 0x6937, 0x50B3, 0x204A, 0x6152, 0x58D3, 0x5839, 0xD4FF,
    0xFFFF, 0xF79F, 0xFFBF, 0xFFDF, 0xFFDF, 0xFFDF, 0xF7BF, 0xFFFF, 0xBC1E, 0x5077, 0x20A8, 0x0865,
    0x1886, 0x3928, 0x4188, 0x3967, 0x18C6, 0x5209, 0x30E8, 0x3928, 0x3927, 0x3928, 0x3948, 0x3948,
    0x3947, 0x416A, 0x626C, 0x41E9, 0x40F0, 0xA29E, 0x1847, 0x0001, 0x0001, 0x0001, 0x0001, 0x0001,
    0x0001, 0x0001, 0x0001, 0x0001, 0x0001, 0x0001, 0x0001, 0x0001, 0x0001, 0x0001, 0x0001, 0x0001,
    0x0001, 0x0001, 0x0001, 0x0001, 0x0001, 0x0001, 0x0001, 0x0001, 0x0001, 0x0001, 0x0001, 0x0001,
    0x0001, 0x0001, 0x0001, 0x0001, 0x0062, 0x6937, 0x4091, 0x308B, 0x60D5, 0x687A, 0xE59F, 0xFFFF,
    0xF77F, 0xFFFF, 0xFFBF, 0xFFBF, 0xFFBF, 0xFF9F, 0xFFFF, 0xF7BF, 0xFFFF, 0xBBFE, 0x5076, 0x20C8,
    0x0844, 0x1886, 0x626C, 0x5AAC, 0x18E6, 0x49E8, 0x30E8, 0x3108, 0x3127, 0x3928, 0x3928, 0x3948,
    0x3147, 0x416A, 0x624B, 0x41C8, 0x40F0, 0xA27E, 0x1047, 0x0001, 0x0001, 0x0001, 0x0001, 0x0001,
    0x0001, 0x0001, 0x0001, 0x0001, 0x0001, 0x0001, 0x0001, 0x0001, 0x0001, 0x0001, 0x0001, 0x0001,
    0x0001, 0x0001, 0x0001, 0x0001, 0x0001, 0x0001, 0x0001, 0x0001, 0x0001, 0x0001, 0x0001, 0x0001,
    0x0001, 0x0001, 0x0001, 0x0001, 0x0863, 0x4070, 0x50D1, 0x5094, 0x78DC, 0xEE3F, 0xFFFF, 0xF77F,
    0xFFFF, 0xD4FF, 0xE5FF, 0xFFFF, 0xFFFF, 0xC39F, 0xE5BF, 0xFFFF, 0xF79F, 0xFFFF, 0xBBDE, 0x5076,
    0x18A7, 0x2087, 0xA3F3, 0x9C31, 0x20E6, 0x5209, 0x30E8, 0x3128, 0x3127, 0x3127, 0x3948, 0x3947,
    0x3147, 0x414A, 0x624C, 0x41E8, 0x38CF, 0xA29E, 0x1047, 0x0001, 0x0001, 0x0001, 0x0001, 0x0001,
    0x0001, 0x0001, 0x0001, 0x0001, 0x0001, 0x0001, 0x0001, 0x0001, 0x0001, 0x0001, 0x0001, 0x0001,
    0x0001, 0x0001, 0x0001, 0x0001, 0x0001, 0x0001, 0x0001, 0x0001, 0x0001, 0x0001, 0x0001, 0x0001,
    0x0001, 0x0001, 0x0001, 0x0001, 0x0062, 0x308C, 0x5056, 0x815C, 0xF6BF, 0xFFDF, 0xF77F, 0xFFFF,
    0xC49F, 0x701E, 0xDD9F, 0xFFFF, 0xFFFF, 0xAA9E, 0x683D, 0xE5FF, 0xFFFF, 0xF79F, 0xFFFF, 0xBBBE,
    0x5096, 0x18A6, 0x0002, 0x1084, 0x18C5, 0x49E8, 0x30E8, 0x3108, 0x3127, 0x3127, 0x3927, 0x3947,
    0x3127, 0x416A, 0x624B, 0x41E9, 0x40F0, 0xA27E, 0x1047, 0x0001, 0x0001, 0x0001, 0x0001, 0x0001,
    0x0001, 0x0001, 0x0001, 0x0001, 0x0001, 0x0001, 0x0001, 0x0001, 0x0001, 0x0001, 0x0001, 0x0001,
    0x0001, 0x0001, 0x0001, 0x0001, 0x0001, 0x0001, 0x0001, 0x0001, 0x0001, 0x0001, 0x0001, 0x0001,
    0x0001, 0x0001, 0x0001, 0x0062, 0x288B, 0x5017, 0x91DD, 0xF71F, 0xFFBF, 0xF79F, 0xFFFF, 0xBBBF,
    0x5018, 0x581A, 0xE5BF, 0xFFFF, 0xFFFF, 0xAADE, 0x3816, 0x605B, 0xDD9F, 0xFFFF, 0xF79F, 0xFFFF,
    0xB39E, 0x4895, 0x18C7, 0x10A5, 0x18C6, 0x49C7, 0x30C7, 0x3909, 0x3107, 0x3128, 0x3928, 0x3948,
    0x3127, 0x416A, 0x5A0A, 0x41C8, 0x40F0, 0xA27E, 0x1847, 0x0001, 0x0001, 0x0001, 0x0001, 0x0001,
    0x0001, 0x0001, 0x0001, 0x0001, 0x0001, 0x0001, 0x0001, 0x0001, 0x0001, 0x0001, 0x0001, 0x0001,
    0x0001, 0x0001, 0x0001, 0x0001, 0x0001, 0x0001, 0x0001, 0x0001, 0x0001, 0x0001, 0x0001, 0x0001,
    0x0001, 0x0001, 0x0062, 0x286B, 0x5018, 0xA27E, 0xFF7F, 0xF79F, 0xFFBF, 0xFF9F, 0xAAFF, 0x4014,
    0x308C, 0x601A, 0xDD9F, 0xFFFF, 0xFFFF, 0xA2BE, 0x797A, 0x6195, 0x603B, 0xDD5F, 0xFFFF, 0xF7BF,
    0xFFFF, 0xB35E, 0x4875, 0x18C6, 0x10A5, 0x1064, 0x28A5, 0x2085, 0x20A4, 0x20A4, 0x20A4, 0x20C4,
    0x20C3, 0x2904, 0x3126, 0x10A5, 0x4110, 0x9A7D, 0x1847, 0x0001, 0x0001, 0x0001, 0x0001, 0x0001,
    0x0001, 0x0001, 0x0001, 0x0001, 0x0001, 0x0001, 0x0001, 0x0001, 0x0001, 0x0001, 0x0001, 0x0001,
    0x0001, 0x0001, 0x0001, 0x0001, 0x0001, 0x0001, 0x0001, 0x0001, 0x0001, 0x0001, 0x0001, 0x0001,
    0x0001, 0x0863, 0x204B, 0x4818, 0xAB1E, 0xFFBF, 0xF79F, 0xFFBF, 0xF75F, 0x9A5E, 0x3813, 0x0823,
    0x204A, 0x581B, 0xDD9F, 0xFFFF, 0xFFFF, 0xA2BE, 0x713A, 0x59B2, 0x180C, 0x581A, 0xD51F, 0xFFFF,
    0xF7BF, 0xFFFF, 0xAB1E, 0x4894, 0x10A5, 0x20E6, 0x59C9, 0x3965, 0x41A6, 0x49C6, 0x39A4, 0x41C6,
    0x4A06, 0x41C6, 0x4A48, 0x0064, 0x4110, 0x9A7D, 0x1047, 0x0001, 0x0001, 0x0001, 0x0001, 0x0001,
    0x0001, 0x0001, 0x0001, 0x0001, 0x0001, 0x0001, 0x0001, 0x0001, 0x0001, 0x0001, 0x0001, 0x0001,
    0x0001, 0x0001, 0x0001, 0x0001, 0x0001, 0x0001, 0x0001, 0x0001, 0x0001, 0x0001, 0x0001, 0x0001,
    0x0001, 0x2069, 0x4014, 0xB39F, 0xFFFF, 0xF75F, 0xFFDF, 0xEEDF, 0x89BD, 0x3810, 0x0824, 0x0804,
    0x284B, 0x581A, 0xDD9F, 0xFFFF, 0xFFFF, 0xA29D, 0x5878, 0x410F, 0x4930, 0x3891, 0x601C, 0xE5DF,
    0xFFFF, 0xF7BF, 0xFFFF, 0xA31C, 0x30AF, 0x10C5, 0x0863, 0x38EB, 0x30EA, 0x1885, 0x5150, 0x28E8,
    0x10C3, 0x08A4, 0x41C9, 0x62CD, 0x4110, 0x9A7D, 0x1847, 0x0001, 0x0001, 0x0001, 0x0001, 0x0001,
    0x0001, 0x0001, 0x0001, 0x0001, 0x0001, 0x0001, 0x0001, 0x0001, 0x0001, 0x0001, 0x0001, 0x0001,
    0x0001, 0x0001, 0x0001, 0x0001, 0x0001, 0x0001, 0x0001, 0x0001, 0x0001, 0x0001, 0x0001, 0x0001,
    0x0001, 0x1066, 0x4033, 0x89DD, 0xEE9F, 0xFFFF, 0xE63F, 0x791C, 0x200D, 0x0000, 0x40AE, 0x58F2,
    0x286C, 0x581A, 0xDD9F, 0xFFFF, 0xFFFF, 0xAADE, 0x7119, 0x5132, 0x9299, 0x607A, 0xAB1E, 0xFF7F,
    0xFFBF, 0xFFFF, 0xF73F, 0x8A3B, 0x182A, 0x10A4, 0x310B, 0x69D4, 0x30EB, 0x61B4, 0x4950, 0x10A6,
    0x83D1, 0x6B4D, 0x5AAC, 0xA512, 0x40EF, 0xA29D, 0x1847, 0x0001, 0x0001, 0x0001, 0x0001, 0x0001,
    0x0001, 0x0001, 0x0001, 0x0001, 0x0001, 0x0001, 0x0001, 0x0001, 0x0001, 0x0001, 0x0001, 0x0001,
    0x0001, 0x0001, 0x0001, 0x0001, 0x0001, 0x0001, 0x0001, 0x0001, 0x0001, 0x0001, 0x0001, 0x0001,
    0x0001, 0x0001, 0x1065, 0x4013, 0x78FD, 0xC47F, 0x68BA, 0x200D, 0x2049, 0x284A, 0x40CE, 0x5110,
    0x284B, 0x601B, 0xDD9F, 0xFFFF, 0xFFFF, 0xB2FF, 0x5877, 0x69B6, 0x5839, 0xBBBF, 0xFFFF, 0xFFBF,
    0xFFFF, 0xF6FF, 0x799B, 0x100A, 0x0041, 0x1086, 0x71D5, 0x28EA, 0x5171, 0x5171, 0x59D1, 0x1908,
    0x42AA, 0x3A89, 0x08E3, 0x1104, 0x4130, 0x9A7D, 0x1847, 0x0001, 0x0001, 0x0001, 0x0001, 0x0001,
    0x0001, 0x0001, 0x0001, 0x0001, 0x0001, 0x0001, 0x0001, 0x0001, 0x0001, 0x0001, 0x0001, 0x0001,
    0x0001, 0x0001, 0x0001, 0x0001, 0x0001, 0x0001, 0x0001, 0x0001, 0x0001, 0x0001, 0x0001, 0x0001,
    0x0001, 0x0001, 0x0001, 0x0884, 0x3830, 0x4015, 0x1809, 0x0824, 0x282C, 0x50D2, 0x50F2, 0x38AD,
    0x204B, 0x601A, 0xDDBF, 0xFFFF, 0xFFFF, 0xB2FE, 0x711B, 0x605A, 0xC45F, 0xFFFF, 0xF77F, 0xFFFF,
    0xEE7F, 0x713A, 0x180A, 0x1847, 0x40AE, 0x6173, 0x5991, 0x1065, 0x5992, 0x412E, 0x8257, 0x21AA,
    0x01C5, 0x02C8, 0x02C8, 0x09A6, 0x4150, 0x9A7D, 0x1847, 0x0001, 0x0001, 0x0001, 0x0001, 0x0001,
    0x0001, 0x0001, 0x0001, 0x0001, 0x0001, 0x0001, 0x0001, 0x0001, 0x0001, 0x0001, 0x0001, 0x0001,
    0x0001, 0x0001, 0x0001, 0x0001, 0x0001, 0x0001, 0x0001, 0x0001, 0x0001, 0x0001, 0x0001, 0x0001,
    0x0001, 0x0001, 0x0001, 0x0001, 0x0863, 0x1065, 0x0062, 0x0001, 0x0001, 0x1027, 0x58D4, 0x40CE,
    0x284C, 0x601B, 0xDD9F, 0xFFFF, 0xFFFF, 0xB2BF, 0x683D, 0xD53F, 0xFFFF, 0xF77F, 0xFFFF, 0xE5FF,
    0x68DA, 0x1829, 0x0021, 0x2889, 0x7273, 0x5991, 0x394B, 0x522C, 0x5991, 0x49B0, 0x0906, 0x0248,
    0x24F0, 0x977B, 0x86F9, 0x0B8A, 0x31AF, 0x9A7D, 0x1847, 0x0001, 0x0001, 0x0001, 0x0001, 0x0001,
    0x0001, 0x0001, 0x0001, 0x0001, 0x0001, 0x0001, 0x0001, 0x0001, 0x0001, 0x0001, 0x0001, 0x0001,
    0x0001, 0x0001, 0x0001, 0x0001, 0x0001, 0x0001, 0x0001, 0x0001, 0x0001, 0x0001, 0x0001, 0x0001,
    0x0001, 0x0001, 0x0001, 0x0001, 0x0001, 0x0001, 0x0001, 0x0001, 0x0001, 0x1848, 0x58F5, 0x48EF,
    0x204B, 0x601B, 0xDD9F, 0xFFFF, 0xFFDF, 0xC35F, 0xDD3F, 0xFFFF, 0xF77F, 0xFFFF, 0xD55F, 0x5878,
    0x1828, 0x0841, 0x30CA, 0x30CA, 0xC556, 0x520B, 0x51AB, 0xD5F9, 0x3169, 0x71F6, 0x5A52, 0x02C8,
    0x771A, 0xFFFF, 0xFFFF, 0x3571, 0x21EF, 0xA27D, 0x1847, 0x0001, 0x0001, 0x0001, 0x0001, 0x0001,
    0x0001, 0x0001, 0x0001, 0x0001, 0x0001, 0x0001, 0x0001, 0x0001, 0x0001, 0x0001, 0x0001, 0x0001,
    0x0001, 0x0001, 0x0001, 0x0001, 0x0001, 0x0001, 0x0001, 0x0001, 0x0001, 0x0001, 0x0001, 0x0001,
    0x0001, 0x0001, 0x0001, 0x0001, 0x0001, 0x0001, 0x0001, 0x0001, 0x0001, 0x1848, 0x5093, 0x5951,
    0x40B0, 0x581A, 0xDD9F, 0xFFFF, 0xFF9F, 0xF77F, 0xFFDF, 0xF79F, 0xFFFF, 0xC4BF, 0x5037, 0x1828,
    0x0822, 0x1084, 0x390A, 0x2888, 0x6A8C, 0x28E6, 0x20A5, 0x72EC, 0x2126, 0x516F, 0x6213, 0x0247,
    0x4DF4, 0xDFFF, 0xBFDE, 0x1C8E, 0x21AF, 0xA27D, 0x1847, 0x0001, 0x0001, 0x0001, 0x0001, 0x0001,
    0x0001, 0x0001, 0x0001, 0x0001, 0x0001, 0x0001, 0x0001, 0x0001, 0x0001, 0x0001, 0x0001, 0x0001,
    0x0001, 0x0001, 0x0001, 0x0001, 0x0001, 0x0001, 0x0001, 0x0001, 0x0001, 0x0001, 0x0001, 0x0001,
    0x0001, 0x0001, 0x0001, 0x0001, 0x0001, 0x0001, 0x0001, 0x0001, 0x0001, 0x0863, 0x384E, 0x4091,
    0x388F, 0x601A, 0xDD9F, 0xFFFF, 0xFFBF, 0xFFBF, 0xF79F, 0xFFFF, 0xB3DE, 0x4015, 0x1826, 0x0841,
    0x18A5, 0x18C5, 0x18C5, 0x18A4, 0x0822, 0x0863, 0x0863, 0x1083, 0x18E6, 0x18E6, 0x1926, 0x11C7,
    0x02C8, 0x1C8E, 0x0C4C, 0x0208, 0x69F7, 0x921C, 0x0865, 0x0001, 0x0001, 0x0001, 0x0001, 0x0001,
    0x0001, 0x0001, 0x0001, 0x0001, 0x0001, 0x0001, 0x0001, 0x0001, 0x0001, 0x0001, 0x0001, 0x0001,
    0x0001, 0x0001, 0x0001, 0x0001, 0x0001, 0x0001, 0x0001, 0x0001, 0x0001, 0x0001, 0x0001, 0x0001,
    0x0001, 0x0001, 0x0001, 0x0001, 0x0001, 0x0001, 0x0001, 0x0001, 0x0001, 0x0001, 0x0863, 0x284B,
    0x306D, 0x601B, 0xDD9F, 0xFFFF, 0xF79F, 0xFFBF, 0xFFBF, 0xA31E, 0x4013, 0x1044, 0x30E2, 0x82C7,
    0x5A68, 0x1085, 0x8309, 0xA3EA, 0x5248, 0x20E6, 0x938A, 0xAC2B, 0x39C7, 0x2926, 0xA3EA, 0xA42A,
    0x2A07, 0x1189, 0x31AE, 0x69F6, 0xA27E, 0x286C, 0x0001, 0x0001, 0x0001, 0x0001, 0x0001, 0x0001,
    0x0001, 0x0001, 0x0001, 0x0001, 0x0001, 0x0001, 0x0001, 0x0001, 0x0001, 0x0001, 0x0001, 0x0001,
    0x0001, 0x0001, 0x0001, 0x0001, 0x0001, 0x0001, 0x0001, 0x0001, 0x0001, 0x0001, 0x0001, 0x0001,
    0x0001, 0x0001, 0x0001, 0x0001, 0x0001, 0x0001, 0x0001, 0x0001, 0x0001, 0x0001, 0x0001, 0x0042,
    0x306E, 0x601B, 0xDD9F, 0xFFFF, 0xFFDF, 0xFF7F, 0x927D, 0x3813, 0x1044, 0x0002, 0x9349, 0xD52C,
    0x732A, 0x0865, 0xB44C, 0xEDCD, 0x62A9, 0x18A5, 0xCCED, 0xE5CE, 0x4A28, 0x2926, 0xDD6D, 0xDD8E,
    0x39E8, 0x38CE, 0x81D9, 0x81D9, 0x206A, 0x0001, 0x0001, 0x0001, 0x0001, 0x0001, 0x0001, 0x0001,
    0x0001, 0x0001, 0x0001, 0x0001, 0x0001, 0x0001, 0x0001, 0x0001, 0x0001, 0x0001, 0x0001, 0x0001,
    0x0001, 0x0001, 0x0001, 0x0001, 0x0001, 0x0001, 0x0001, 0x0001, 0x0001, 0x0001, 0x0001, 0x0001,
    0x0001, 0x0001, 0x0001, 0x0001, 0x0001, 0x0001, 0x0001, 0x0001, 0x0001, 0x0001, 0x0001, 0x0863,
    0x306E, 0x601B, 0xDD7F, 0xFFFF, 0xF71F, 0x89DD, 0x3812, 0x1084, 0x0062, 0x1024, 0xBC8E, 0xFE92,
    0x7B4B, 0x0002, 0xC4EF, 0xFED3, 0x5A89, 0x0802, 0xD591, 0xFED3, 0x41C8, 0x1884, 0xEE32, 0xEE52,
    0x3967, 0x0042, 0x0863, 0x0063, 0x0001, 0x0001, 0x0001, 0x0001, 0x0001, 0x0001, 0x0001, 0x0001,
    0x0001, 0x0001, 0x0001, 0x0001, 0x0001, 0x0001, 0x0001, 0x0001, 0x0001, 0x0001, 0x0001, 0x0001,
    0x0001, 0x0001, 0x0001, 0x0001, 0x0001, 0x0001, 0x0001, 0x0001, 0x0001, 0x0001, 0x0001, 0x0001,
    0x0001, 0x0001, 0x0001, 0x0001, 0x0001, 0x0001, 0x0001, 0x0001, 0x0001, 0x0001, 0x0001, 0x0863,
    0x306D, 0x601B, 0xE5DF, 0xEEDF, 0x793C, 0x3810, 0x1084, 0x0001, 0x0001, 0x0863, 0x20E5, 0x3145,
    0x18C4, 0x0063, 0x28E4, 0x3146, 0x10A3, 0x0863, 0x2905, 0x3145, 0x10A3, 0x0863, 0x2905, 0x3145,
    0x1084, 0x0001, 0x0001, 0x0001, 0x0001, 0x0001, 0x0001, 0x0001, 0x0001, 0x0001, 0x0001, 0x0001,
    0x0001, 0x0001, 0x0001, 0x0001, 0x0001, 0x0001, 0x0001, 0x0001, 0x0001, 0x0001, 0x0001, 0x0001,
    0x0001, 0x0001, 0x0001, 0x0001, 0x0001, 0x0001, 0x0001, 0x0001, 0x0001, 0x0001, 0x0001, 0x0001,
    0x0001, 0x0001, 0x0001, 0x0001, 0x0001, 0x0001, 0x0001, 0x0001, 0x0001, 0x0001, 0x0001, 0x0863,
    0x304C, 0x6039, 0xC3DF, 0x791B, 0x300E, 0x0883, 0x0001, 0x0001, 0x0001, 0x0001, 0x0001, 0x0001,
    0x0001, 0x0001, 0x0001, 0x0001, 0x0001, 0x0001, 0x0001, 0x0001, 0x0001, 0x0001, 0x0001, 0x0001,
    0x0001, 0x0001, 0x0001, 0x0001, 0x0001, 0x0001, 0x0001, 0x0001, 0x0001, 0x0001, 0x0001, 0x0001,
    0x0001, 0x0001, 0x0001, 0x0001, 0x0001, 0x0001, 0x0001, 0x0001, 0x0001, 0x0001, 0x0001, 0x0001,
    0x0001, 0x0001, 0x0001, 0x0001, 0x0001, 0x0001, 0x0001, 0x0001, 0x0001, 0x0001, 0x0001, 0x0001,
    0x0001, 0x0001, 0x0001, 0x0001, 0x0001, 0x0001, 0x0001, 0x0001, 0x0001, 0x0001, 0x0001, 0x0863,
    0x306C, 0x4854, 0x4835, 0x282C, 0x0882, 0x0001, 0x0001, 0x0001, 0x0001, 0x0001, 0x0001, 0x0001,
    0x0001, 0x0001, 0x0001, 0x0001, 0x0001, 0x0001, 0x0001, 0x0001, 0x0001, 0x0001, 0x0001, 0x0001,
    0x0001, 0x0001, 0x0001, 0x0001, 0x0001, 0x0001, 0x0001, 0x0001, 0x0001, 0x0001, 0x0001, 0x0001,
    0x0001, 0x0001, 0x0001, 0x0001, 0x0001, 0x0001, 0x0001, 0x0001, 0x0001, 0x0001, 0x0001, 0x0001,
    0x0001, 0x0001, 0x0001, 0x0001, 0x0001, 0x0001, 0x0001, 0x0001, 0x0001, 0x0001, 0x0001, 0x0001,
    0x0001, 0x0001, 0x0001, 0x0001, 0x0001, 0x0001, 0x0001, 0x0001, 0x0001, 0x0001, 0x0001, 0x0863,
    0x204A, 0x306C, 0x1867, 0x0062, 0x0001, 0x0001, 0x0001, 0x0001, 0x0001, 0x0001, 0x0001, 0x0001,
    0x0001, 0x0001, 0x0001, 0x0001, 0x0001, 0x0001, 0x0001, 0x0001, 0x0001, 0x0001, 0x0001, 0x0001,
    0x0001, 0x0001, 0x0001, 0x0001, 0x0001, 0x0001, 0x0001, 0x0001, 0x0001, 0x0001, 0x0001, 0x0001,
    0x0001, 0x0001, 0x0001, 0x0001, 0x0001, 0x0001, 0x0001, 0x0001, 0x0001, 0x0001, 0x0001, 0x0001,
    0x0001, 0x0001, 0x0001, 0x0001, 0x0001, 0x0001, 0x0001, 0x0001, 0x0001, 0x0001, 0x0001, 0x0001,
    0x0001, 0x0001, 0x0001, 0x0001, 0x0001, 0x0001, 0x0001, 0x0001, 0x0001, 0x0001, 0x0001, 0x0001,
    0x0863, 0x0863, 0x0001, 0x0001, 0x0001, 0x0001, 0x0001, 0x0001, 0x0001, 0x0001, 0x0001, 0x0001,
    0x0001, 0x0001, 0x0001, 0x0001, 0x0001, 0x0001, 0x0001, 0x0001, 0x0001, 0x0001, 0x0001, 0x0001,
    0x0001, 0x0001, 0x0001, 0x0001, 0x0001, 0x0001, 0x0001, 0x0001, 0x0001, 0x0001, 0x0001, 0x0001,
    0x0001, 0x0001, 0x0001, 0x0001, 0x0001, 0x0001, 0x0001, 0x0001, 0x0001, 0x0001, 0x0001, 0x0001,
    0x0001, 0x0001, 0x0001, 0x0001, 0x0001, 0x0001, 0x0001, 0x0001, 0x0001, 0x0001, 0x0001, 0x0001,
    0x0001, 0x0001, 0x0001, 0x0001, 0x0001, 0x0001, 0x0001, 0x0001, 0x0001, 0x0001, 0x0001, 0x0001,
    0x0001, 0x0001, 0x0001, 0x0001, 0x0001, 0x0001, 0x0001, 0x0001, 0x0001, 0x0001, 0x0001, 0x0001,
    0x0001, 0x0001, 0x0001, 0x0001, 0x0001, 0x0001, 0x0001, 0x0001, 0x0001, 0x0001, 0x0001, 0x0001,
    0x0001, 0x0001, 0x0001, 0x0001, 0x0001, 0x0001, 0x0001, 0x0001, 0x0001, 0x0001, 0x0001, 0x0001,
    0x0001, 0x0001, 0x0001, 0x0001, 0x0001, 0x0001, 0x0001, 0x0001, 0x0001, 0x0001, 0x0001, 0x0001,
    0x0001, 0x0001, 0x0001, 0x0001, 0x0001, 0x0001, 0x0001, 0x0001, 0x0001, 0x0001, 0x0001, 0x0001,
    0x0001, 0x0001, 0x0001, 0x0001, 0x0001, 0x0001, 0x0001, 0x0001, 0x0001, 0x0001, 0x0001, 0x0001,
    0x0001, 0x0001, 0x0001, 0x0001, 0x0001, 0x0001, 0x0001, 0x0001, 0x0001, 0x0001, 0x0001, 0x0001,
    0x0001, 0x0001, 0x0001, 0x0001, 0x0001, 0x0001, 0x0001, 0x0001, 0x0001, 0x0001, 0x0001, 0x0001,
    0x0001, 0x0001, 0x0001, 0x0001, 0x0001, 0x0001, 0x0001, 0x0001, 0x0001, 0x0001, 0x0001, 0x0001,
    0x0001, 0x0001, 0x0001, 0x0001, 0x0001, 0x0001, 0x0001, 0x0001, 0x0001, 0x0001, 0x0001, 0x0001,
    0x0001, 0x0001, 0x0001, 0x0001, 0x0001, 0x0001, 0x0001, 0x0001, 0x0001, 0x0001, 0x0001, 0x0001,
    0x0001, 0x0001, 0x0001, 0x0001, 0x0001, 0x0001, 0x0001, 0x0001, 0x0001, 0x0001, 0x0001, 0x0001,
    0x0001, 0x0001, 0x0001, 0x0001, 0x0001, 0x0001, 0x0001, 0x0001, 0x0001, 0x0001, 0x0001, 0x0001,
    0x0001, 0x0001, 0x0001, 0x0001, 0x0001, 0x0001, 0x0001, 0x0001, 0x0001, 0x0001, 0x0001, 0x0001,
    0x0001, 0x0001, 0x0001, 0x0001, 0x0001, 0x0001, 0x0001, 0x0001, 0x0001, 0x0001, 0x0001, 0x0001,
    0x0001, 0x0001, 0x0001, 0x0001, 0x0001, 0x0001, 0x0001, 0x0001, 0x0001, 0x0001, 0x0001, 0x0001,
    0x0001, 0x0001, 0x0001, 0x0001, 0x0001, 0x0001, 0x0001, 0x0001, 0x0001, 0x0001, 0x0001, 0x0001,
    0x0001, 0x0001, 0x0001, 0x0001, 0x0001, 0x0001, 0x0001, 0x0001, 0x0001, 0x0001, 0x0001, 0x0001,
    0x0001, 0x0001, 0x0001, 0x0001, 0x0001, 0x0001, 0x0001, 0x0001, 0x0001, 0x0001, 0x0001, 0x0001,
    0x0001, 0x0001, 0x0001, 0x0001, 0x0001, 0x0001, 0x0001, 0x0001, 0x0001, 0x0001, 0x0001, 0x0001,
    0x0001, 0x0001, 0x0001, 0x0001, 0x0001, 0x0001, 0x0001, 0x0001, 0x0001, 0x0001, 0x0001, 0x0001,
    0x0001, 0x0001, 0x0001, 0x0001, 0x0001, 0x0001, 0x0001, 0x0001, 0x0001, 0x0001, 0x0001, 0x0001,
    0x0001, 0x0001, 0x0001, 0x0001, 0x0001, 0x0001, 0x0001, 0x0001, 0x0001, 0x0001, 0x0001, 0x0001,
    0x0001, 0x0001, 0x0001, 0x0001, 0x0001, 0x0001, 0x0001, 0x0001, 0x0001, 0x0001, 0x0001, 0x0001,
    0x0001, 0x0001, 0x0001, 0x0001, 0x0001, 0x0001, 0x0001, 0x0001, 0x0001, 0x0001, 0x0001, 0x0001,
    0x0001, 0x0001, 0x0001, 0x0001, 0x0001, 0x0001, 0x0001, 0x0001, 0x0001, 0x0001, 0x0001, 0x0001,
    0x0001, 0x0001, 0x0001, 0x0001, 0x0001, 0x0001, 0x0001, 0x0001, 0x0001, 0x0001, 0x0001, 0x0001,
    0x0001, 0x0001, 0x0001, 0x0001, 0x0001, 0x0001, 0x0001, 0x0001, 0x0001, 0x0001, 0x0001, 0x0001,
    0x0001, 0x0001, 0x0001, 0x0001, 0x0001, 0x0001, 0x0001, 0x0001, 0x0001, 0x0001, 0x0001, 0x0001,
    0x0001, 0x0001, 0x0001, 0x0001, 0x0001, 0x0001, 0x0001, 0x0001, 0x0001, 0x0001, 0x0001, 0x0001,
    0x0001, 0x0001, 0x0001, 0x0001, 0x0001, 0x0001, 0x0001, 0x0001, 0x0001, 0x0001, 0x0001, 0x0001,
    0x0001, 0x0001, 0x0001, 0x0001, 0x0001, 0x0001, 0x0001, 0x0001, 0x0001, 0x0001, 0x0001, 0x0001,
    0x0001, 0x0001, 0x0001, 0x0001, 0x0001, 0x0001, 0x0001, 0x0001, 0x0001, 0x0001, 0x0001, 0x0001,
    0x0001, 0x0001, 0x0001, 0x0001, 0x0001, 0x0001, 0x0001, 0x0001, 0x0001, 0x0001, 0x0001, 0x0001,
    0x0001, 0x0001, 0x0001, 0x0001, 0x0001, 0x0001, 0x0001, 0x0001, 0x0001, 0x0001, 0x0001, 0x0001,
    0x0001, 0x0001, 0x0001, 0x0001, 0x0001, 0x0001, 0x0001, 0x0001, 0x0001, 0x0001, 0x0001, 0x0001,
    0x0001, 0x0001, 0x0001, 0x0001, 0x0001, 0x0001, 0x0001, 0x0001, 0x0001, 0x0001, 0x0001, 0x0001,
    0x0001, 0x0001, 0x0001, 0x0001, 0x0001, 0x0001, 0x0001, 0x0001, 0x0001, 0x0001, 0x0001, 0x0001,
    0x0001, 0x0001, 0x0001, 0x0001, 0x0001, 0x0001, 0x0001, 0x0001, 0x0001, 0x0001, 0x0001, 0x0001,
    0x0001, 0x0001, 0x0001, 0x0001, 0x0001, 0x0001, 0x0001, 0x0001, 0x0001, 0x0001, 0x0001, 0x0001,
    0x0001, 0x0001, 0x0001, 0x0001, 0x0001, 0x0001, 0x0001, 0x0001, 0x0001, 0x0001, 0x0001, 0x0001,
    0x0001, 0x0001, 0x0001, 0x0001, 0x0001, 0x0001, 0x0001, 0x0001, 0x0001, 0x0001, 0x0001, 0x0001,
    0x0001, 0x0001, 0x0001, 0x0001, 0x0001, 0x0001, 0x0001, 0x0001, 0x0001, 0x0001, 0x0001, 0x0001,
    0x0001, 0x0001, 0x0001, 0x0001, 0x0001, 0x0001, 0x0001, 0x0001, 0x0001, 0x0001, 0x0001, 0x0001,
    0x0001, 0x0001, 0x0001, 0x0001, 0x0001, 0x0001, 0x0001, 0x0001, 0x0001, 0x0001, 0x0001, 0x0001,
    0x0001, 0x0001, 0x0001, 0x0001, 0x0001, 0x0001, 0x0001, 0x0001, 0x0001, 0x0001, 0x0001, 0x0001,
    0x0001, 0x0001, 0x0001, 0x0001, 0x0001, 0x0001, 0x0001, 0x0001, 0x0001, 0x0001, 0x0001, 0x0001,
    0x0001, 0x0001, 0x0001, 0x0001, 0x0001, 0x0001, 0x0001, 0x0001, 0x0001, 0x0001, 0x0001, 0x0001,
    0x0001, 0x0001, 0x0001, 0x0001, 0x0001, 0x0001, 0x0001, 0x0001, 0x0001, 0x0001, 0x0001, 0x0001,
    0x0001, 0x0001, 0x0001, 0x0001, 0x0001, 0x0001, 0x0001, 0x0001, 0x0001, 0x0001, 0x0001, 0x0001,
    0x0001, 0x0001, 0x0001, 0x0001, 0x0001, 0x0001, 0x0001, 0x0001, 0x0001, 0x0001, 0x0001, 0x0001,
    0x0001, 0x0001, 0x0001, 0x0001, 0x0001, 0x0001, 0x0001, 0x0001, 0x0001, 0x0001, 0x0001, 0x0001,
    0x0001, 0x0001, 0x0001, 0x0001, 0x0001, 0x0001, 0x0001, 0x0001, 0x0001, 0x0001, 0x0001, 0x0001,
    0x0001, 0x0001, 0x0001, 0x0001, 0x0001, 0x0001, 0x0001, 0x0001, 0x0001, 0x0001, 0x0001, 0x0001,
    0x0001, 0x0001, 0x0001, 0x0001, 0x0001, 0x0001, 0x0001, 0x0001, 0x0001, 0x0001, 0x0001, 0x0001,
    0x0001, 0x0001, 0x0001, 0x0001, 0x0001, 0x0001, 0x0001, 0x0001, 0x0001, 0x0001, 0x0001, 0x0001,
    0x0001, 0x0001, 0x0001, 0x0001, 0x0001, 0x0001, 0x0001, 0x0001, 0x0001, 0x0001, 0x0001, 0x0001,
    0x0001, 0x0001, 0x0001, 0x0001, 0x0001, 0x0001, 0x0001, 0x0001, 0x0001, 0x0001, 0x0001, 0x0001,
};

const uint16_t CAROUSEL_ICON_MONITOR[CAROUSEL_ICON_PIXELS] PROGMEM = {
    0x0001, 0x0001, 0x0001, 0x0001, 0x0001, 0x0001, 0x0001, 0x0001, 0x0001, 0x0001, 0x0001, 0x0001,
    0x0001, 0x0001, 0x0001, 0x0001, 0x0001, 0x0001, 0x0001, 0x0001, 0x0001, 0x0001, 0x0001, 0x0001,
    0x0001, 0x0001, 0x0001, 0x0001, 0x0001, 0x0001, 0x0001, 0x0001, 0x0001, 0x0001, 0x0001, 0x0001,
    0x0001, 0x0001, 0x0001, 0x0001, 0x0001, 0x0001, 0x0001, 0x0001, 0x0001, 0x0001, 0x0001, 0x0001,
    0x0001, 0x0001, 0x0001, 0x0001, 0x0001, 0x0001, 0x0001, 0x0001, 0x0001, 0x0001, 0x0001, 0x0001,
    0x0001, 0x0001, 0x0001, 0x0001, 0x0001, 0x0001, 0x0001, 0x0001, 0x0001, 0x0001, 0x0001, 0x0001,
    0x0001, 0x0001, 0x0001, 0x0001, 0x0001, 0x0001, 0x0001, 0x0001, 0x0001, 0x0001, 0x0001, 0x0001,
    0x0001, 0x0001, 0x0001, 0x0001, 0x0001, 0x0001, 0x0001, 0x0001, 0x0001, 0x0001, 0x0001, 0x0001,
    0x0001, 0x0001, 0x0001, 0x0001, 0x0001, 0x0001, 0x0001, 0x0001, 0x0001, 0x0001, 0x0001, 0x0001,
    0x0001, 0x0001, 0x0001, 0x0001, 0x0001, 0x0001, 0x0001, 0x0001, 0x0001, 0x0001, 0x0001, 0x0001,
    0x0001, 0x0001, 0x0001, 0x0001, 0x0001, 0x0001, 0x0001, 0x0001, 0x0001, 0x0001, 0x0001, 0x0001,
    0x0001, 0x0001, 0x0001, 0x0001, 0x0001, 0x0001, 0x0001, 0x0001, 0x0001, 0x0001, 0x0001, 0x0001,
    0x0001, 0x0001, 0x0001, 0x0001, 0x0001, 0x0001, 0x0001, 0x0001, 0x0001, 0x0001, 0x0001, 0x0001,
    0x0001, 0x0001, 0x0001, 0x0001, 0x0001, 0x0001, 0x0001, 0x0001, 0x0001, 0x0001, 0x0001, 0x0001,
    0x0001, 0x0001, 0x0001, 0x0001, 0x0001, 0x0001, 0x0001, 0x0001, 0x0001, 0x0001, 0x0001, 0x0001,
    0x0001, 0x0001, 0x0001, 0x0001, 0x0001, 0x0001, 0x0001, 0x0001, 0x0001, 0x0001, 0x0001, 0x0001,
    0x0001, 0x0001, 0x0001, 0x0001, 0x0001, 0x0001, 0x0001, 0x0001, 0x0001, 0x0001, 0x0001, 0x0001,
    0x0001, 0x0001, 0x0001, 0x0001, 0x0001, 0x0001, 0x0001, 0x0001, 0x0001, 0x0001, 0x0001, 0x0001,
    0x0001, 0x0001, 0x0001, 0x0001, 0x0001, 0x0001, 0x0001, 0x0001, 0x0001, 0x0001, 0x0001, 0x0001,
    0x0001, 0x0001, 0x0001, 0x0001, 0x0001, 0x0001, 0x0001, 0x0001, 0x0001, 0x0001, 0x0001, 0x0001,
    0x0001, 0x0001, 0x0001, 0x0001, 0x0001, 0x0001, 0x0001, 0x0001, 0x0001, 0x0001, 0x0001, 0x0001,
    0x0001, 0x0001, 0x0001, 0x0001, 0x0001, 0x0001, 0x0001, 0x0001, 0x0001, 0x0001, 0x0001, 0x0001,
    0x0001, 0x0001, 0x0001, 0x0001, 0x0001, 0x0001, 0x0001, 0x0001, 0x0001, 0x0001, 0x0001, 0x0001,
    0x0001, 0x0001, 0x0001, 0x0001, 0x0001, 0x0001, 0x0001, 0x0001, 0x0001, 0x0001, 0x0001, 0x0001,
    0x0001, 0x0001, 0x0001, 0x0001, 0x0001, 0x0001, 0x0001, 0x0001, 0x0001, 0x0001, 0x0001, 0x0001,
    0x0001, 0x0001, 0x0001, 0x0001, 0x0001, 0x0001, 0x0001, 0x0001, 0x0001, 0x0001, 0x0001, 0x0001,
    0x0001, 0x0001, 0x0001, 0x0001, 0x0001, 0x0001, 0x0001, 0x0001, 0x0001, 0x0001, 0x0001, 0x0001,
    0x0001, 0x0001, 0x0001, 0x0001, 0x0001, 0x0001, 0x0001, 0x0001, 0x0001, 0x0001, 0x0001, 0x0001,
    0x0001, 0x0001, 0x0001, 0x0001, 0x0001, 0x0001, 0x0001, 0x0001, 0x0001, 0x0001, 0x0001, 0x0001,
    0x0001, 0x0001, 0x0001, 0x0001, 0x0001, 0x0001, 0x0001, 0x0001, 0x0001, 0x0001, 0x0001, 0x0001,
    0x0001, 0x0001, 0x0001, 0x0001, 0x0001, 0x0001, 0x0001, 0x0001, 0x0001, 0x0001, 0x0001, 0x0001,
    0x0001, 0x0001, 0x0001, 0x0001, 0x0001, 0x0001, 0x0001, 0x0001, 0x0001, 0x0001, 0x0001, 0x0001,
    0x0001, 0x0001, 0x0001, 0x0001, 0x0001, 0x0001, 0x0001, 0x0001, 0x0001, 0x0001, 0x0001, 0x0001,
    0x0001, 0x0001, 0x0001, 0x0001, 0x0001, 0x0001, 0x0001, 0x0001, 0x0001, 0x0001, 0x0001, 0x0001,
    0x0001, 0x0001, 0x0001, 0x0001, 0x0001, 0x0001, 0x0001, 0x0001, 0x0001, 0x0001, 0x0001, 0x0001,
    0x0001, 0x0001, 0x0001, 0x0001, 0x0001, 0x0001, 0x0001, 0x0001, 0x0001, 0x0001, 0x0001, 0x0001,
    0x0001, 0x0001, 0x0001, 0x0001, 0x0001, 0x0001, 0x0001, 0x0001, 0x0001, 0x0001, 0x0001, 0x0001,
    0x0001, 0x0001, 0x0001, 0x0001, 0x0001, 0x0001, 0x0001, 0x0001, 0x0001, 0x0001, 0x0001, 0x0001,
    0x0001, 0x0001, 0x0001, 0x0001, 0x0001, 0x0001, 0x0001, 0x0001, 0x0001, 0x0001, 0x0001, 0x0001,
    0x0001, 0x0001, 0x0001, 0x0001, 0x0001, 0x0001, 0x0001, 0x0001, 0x0001, 0x0001, 0x0001, 0x0001,
    0x0001, 0x0001, 0x0001, 0x0001, 0x0001, 0x0001, 0x0001, 0x0001, 0x0001, 0x0001, 0x0001, 0x0001,
    0x0001, 0x0001, 0x0001, 0x0001, 0x0001, 0x0001, 0x0001, 0x0001, 0x0001, 0x0001, 0x0001, 0x0001,
    0x0001, 0x0001, 0x0001, 0x0001, 0x0001, 0x0001, 0x0001, 0x0001, 0x0001, 0x0001, 0x0001, 0x0001,
    0x0001, 0x0001, 0x0001, 0x0001, 0x0001, 0x0001, 0x0001, 0x0001, 0x0001, 0x0001, 0x0001, 0x0001,
    0x0001, 0x0001, 0x0001, 0x0001, 0x0001, 0x0001, 0x0001, 0x0001, 0x0001, 0x0001, 0x0001, 0x1104,
    0x21C7, 0x08C3, 0x0001, 0x0001, 0x0001, 0x0001, 0x0001, 0x0001, 0x0001, 0x0001, 0x0001, 0x0001,
    0x0001, 0x0001, 0x0001, 0x0001, 0x0001, 0x0001, 0x0001, 0x0001, 0x0001, 0x0001, 0x0001, 0x0001,
    0x0001, 0x0001, 0x0001, 0x0001, 0x0001, 0x0001, 0x0001, 0x0001, 0x0001, 0x0001, 0x0001, 0x0001,
    0x0001, 0x0001, 0x0001, 0x0001, 0x0001, 0x0001, 0x0001, 0x0001, 0x0001, 0x0001, 0x0001, 0x0001,
    0x0001, 0x0001, 0x0001, 0x0001, 0x0001, 0x0001, 0x0001, 0x0001, 0x0001, 0x0001, 0x0001, 0x0001,
    0x0001, 0x0001, 0x0001, 0x0001, 0x0001, 0x0001, 0x0001, 0x0001, 0x0001, 0x0001, 0x438B, 0x6590,
    0x4CED, 0x6D91, 0x2A88, 0x0001, 0x0001, 0x0001, 0x0001, 0x0001, 0x0001, 0x0001, 0x0001, 0x0001,
    0x0001, 0x0001, 0x0001, 0x0001, 0x0001, 0x0001, 0x0001, 0x0001, 0x0001, 0x0001, 0x0001, 0x0001,
    0x0001, 0x0001, 0x0001, 0x0001, 0x0001, 0x0001, 0x0001, 0x0001, 0x0001, 0x0001, 0x0001, 0x0001,
    0x0001, 0x0001, 0x0001, 0x0001, 0x0001, 0x0001, 0x0001, 0x0001, 0x0001, 0x0001, 0x0001, 0x0001,
    0x0001, 0x0001, 0x0001, 0x0001, 0x0001, 0x0001, 0x0001, 0x0001, 0x0001, 0x0001, 0x0001, 0x0001,
    0x0001, 0x0001, 0x0001, 0x0001, 0x0001, 0x0001, 0x0001, 0x0001, 0x0001, 0x32C9, 0x65D1, 0x23C9,
    0x5CEE, 0x1B67, 0x6DF1, 0x19A5, 0x0001, 0x0001, 0x0001, 0x0001, 0x0001, 0x0001, 0x0001, 0x0001,
    0x0001, 0x0001, 0x0001, 0x0001, 0x0001, 0x0001, 0x0001, 0x0001, 0x0001, 0x0001, 0x0001, 0x0001,
    0x0001, 0x0001, 0x0001, 0x0001, 0x0001, 0x0001, 0x0001, 0x0001, 0x0001, 0x0001, 0x0001, 0x0001,
    0x0001, 0x0001, 0x0001, 0x0001, 0x0001, 0x0001, 0x0001, 0x0001, 0x0001, 0x0001, 0x0001, 0x0001,
    0x0001, 0x0001, 0x0001, 0x0001, 0x0001, 0x0001, 0x0001, 0x0001, 0x0001, 0x0001, 0x0001, 0x0001,
    0x0001, 0x0001, 0x0001, 0x0001, 0x0001, 0x0103, 0x1A87, 0x4C8E, 0x2B8A, 0x4CAE, 0x1367, 0xA657,
    0xFFFF, 0x4C4C, 0x3C4B, 0x342B, 0x4C8D, 0x3BEC, 0x09E5, 0x00A2, 0x0001, 0x0001, 0x0001, 0x0001,
    0x0001, 0x0001, 0x0001, 0x0001, 0x0001, 0x0001, 0x0001, 0x0001, 0x0001, 0x0001, 0x0001, 0x0001,
    0x0001, 0x0001, 0x0001, 0x0001, 0x0001, 0x0001, 0x0001, 0x0001, 0x0001, 0x0001, 0x0001, 0x0001,
    0x0001, 0x0001, 0x0001, 0x0001, 0x0001, 0x0001, 0x0001, 0x0001, 0x0001, 0x0001, 0x0001, 0x0001,
    0x0001, 0x0001, 0x0001, 0x0001, 0x0001, 0x0001, 0x0001, 0x0001, 0x0001, 0x0001, 0x0001, 0x0001,
    0x0001, 0x0001, 0x0001, 0x0A25, 0x54EF, 0x9758, 0xAFFC, 0xB7FD, 0x4CCD, 0x2369, 0x4CEE, 0x446C,
    0xBF19, 0x1B47, 0x6590, 0x12A5, 0x8EB5, 0xCFFD, 0xB7FB, 0x8695, 0x33CB, 0x0123, 0x0001, 0x0001,
    0x0001, 0x0001, 0x0001, 0x0001, 0x0001, 0x0001, 0x0001, 0x0001, 0x0001, 0x0001, 0x0001, 0x0001,
    0x0001, 0x0001, 0x0001, 0x0001, 0x0001, 0x0001, 0x0001, 0x0001, 0x0001, 0x0001, 0x0001, 0x0001,
    0x0001, 0x0001, 0x0001, 0x0001, 0x0001, 0x0001, 0x0001, 0x0001, 0x0001, 0x0001, 0x0001, 0x0001,
    0x0001, 0x0001, 0x0001, 0x0001, 0x0001, 0x0001, 0x0001, 0x0001, 0x0001, 0x0001, 0x0001, 0x0001,
    0x0001, 0x09E5, 0x6591, 0xB7FB, 0xB7FB, 0x6DF2, 0x2BEA, 0x0AC5, 0x1245, 0x0143, 0x4C8D, 0x4D4E,
    0x55AF, 0x552E, 0x3B8A, 0x0143, 0x0A86, 0x1307, 0x446C, 0x96D6, 0xC7FD, 0x9F78, 0x3C2B, 0x00E2,
    0x0001, 0x0001, 0x0001, 0x0001, 0x0001, 0x0001, 0x0001, 0x0001, 0x0001, 0x0001, 0x0001, 0x0001,
    0x0001, 0x0001, 0x0001, 0x0001, 0x0001, 0x0001, 0x0001, 0x0001, 0x0001, 0x0001, 0x0001, 0x0001,
    0x0001, 0x0001, 0x0001, 0x0001, 0x0001, 0x0001, 0x0001, 0x0001, 0x0001, 0x0001, 0x0001, 0x0001,
    0x0001, 0x0001, 0x0001, 0x0001, 0x0001, 0x0001, 0x0001, 0x0001, 0x0001, 0x0001, 0x0001, 0x00A2,
    0x3C2B, 0xB7FB, 0xB7FB, 0x550E, 0x0264, 0x12A6, 0x2308, 0x338B, 0x09E4, 0x0102, 0x00E2, 0x2328,
    0x6DD1, 0x0A04, 0x00C2, 0x0143, 0x0A66, 0x3BAB, 0x1AC7, 0x0A65, 0x1B06, 0x75F2, 0xCFFD, 0x8ED6,
    0x1266, 0x0001, 0x0001, 0x0001, 0x0001, 0x0001, 0x0001, 0x0001, 0x0001, 0x0001, 0x0001, 0x0001,
    0x0001, 0x0001, 0x0001, 0x0001, 0x0001, 0x0001, 0x0001, 0x0001, 0x0001, 0x0001, 0x0001, 0x0001,
    0x0001, 0x0001, 0x0001, 0x0001, 0x0001, 0x0001, 0x0001, 0x0001, 0x0001, 0x0001, 0x0001, 0x0001,
    0x0001, 0x0001, 0x0001, 0x0001, 0x0001, 0x0001, 0x0001, 0x0001, 0x0001, 0x0001, 0x00C3, 0x6E32,
    0xCFFE, 0x6DB1, 0x0A85, 0x0A66, 0x4C0D, 0x2B6A, 0x2309, 0x436B, 0x6410, 0x8534, 0x8D96, 0x338B,
    0x550F, 0x438D, 0x95B7, 0x7CB2, 0x5BEF, 0x330A, 0x2B09, 0x3BAB, 0x3BAB, 0x0A04, 0x1B27, 0x9F17,
    0xBFFC, 0x33AB, 0x0001, 0x0001, 0x0001, 0x0001, 0x0001, 0x0001, 0x0001, 0x0001, 0x0001, 0x0001,
    0x0001, 0x0001, 0x0001, 0x0001, 0x0001, 0x0001, 0x0001, 0x0001, 0x0001, 0x0001, 0x0001, 0x0001,
    0x0001, 0x0001, 0x0001, 0x0001, 0x0001, 0x0001, 0x0001, 0x0001, 0x0001, 0x0001, 0x0001, 0x0001,
    0x0001, 0x0001, 0x0001, 0x0001, 0x0001, 0x0001, 0x0001, 0x0001, 0x0103, 0x5D30, 0x12C6, 0x550E,
    0x3C2B, 0x1265, 0x33AC, 0x3BAB, 0x0143, 0x4B8D, 0x9E38, 0x867A, 0x5618, 0x4617, 0x24D2, 0x1CF2,
    0x35B5, 0x1471, 0x2D55, 0x4E18, 0x5E39, 0x969A, 0x8D96, 0x2248, 0x09A4, 0x4C2D, 0x22E9, 0x0244,
    0x5D30, 0x2368, 0x3BEC, 0x440C, 0x0001, 0x0001, 0x0001, 0x0001, 0x0001, 0x0001, 0x0001, 0x0001,
    0x0001, 0x0001, 0x0001, 0x0001, 0x0001, 0x0001, 0x0001, 0x0001, 0x0001, 0x0001, 0x0001, 0x0001,
    0x0001, 0x0001, 0x0001, 0x0001, 0x0001, 0x0001, 0x0001, 0x0001, 0x0001, 0x0001, 0x0001, 0x0001,
    0x0001, 0x0001, 0x0001, 0x0001, 0x0001, 0x0001, 0x0001, 0x00E2, 0x7E54, 0x9777, 0x1348, 0x0102,
    0x00C1, 0x2B0A, 0x1226, 0x00E3, 0x2B2D, 0x4E38, 0x2D75, 0x040F, 0x0CD1, 0x038D, 0x02EB, 0x036D,
    0x1C92, 0x02EB, 0x030C, 0x0C51, 0x0491, 0x0430, 0x3E18, 0x4535, 0x2249, 0x00C2, 0x2B0A, 0x11E6,
    0x0080, 0x0184, 0x348C, 0xB7FB, 0x33CB, 0x0001, 0x0001, 0x0001, 0x0001, 0x0001, 0x0001, 0x0001,
    0x0001, 0x0001, 0x0001, 0x0001, 0x0001, 0x0001, 0x0001, 0x0001, 0x0001, 0x0001, 0x0001, 0x0001,
    0x0001, 0x0001, 0x0001, 0x0001, 0x0001, 0x0001, 0x0001, 0x0001, 0x0001, 0x0001, 0x0001, 0x0001,
    0x0001, 0x0001, 0x0001, 0x0001, 0x0001, 0x0001, 0x0882, 0x5D70, 0x9F78, 0x0B27, 0xD71C, 0x74D2,
    0x00A1, 0x00A2, 0x228A, 0x4555, 0x2DD7, 0x14B2, 0x038B, 0x4E55, 0x3593, 0x0B6D, 0x0B8E, 0x13F0,
    0x2D14, 0x0B8E, 0x138E, 0x13AE, 0x4638, 0x0C71, 0x0B8E, 0x1D55, 0x35D7, 0x3C72, 0x1186, 0x00A2,
    0x0144, 0xCF1B, 0x7D93, 0x1C2A, 0xB7FB, 0x22C8, 0x0001, 0x0001, 0x0001, 0x0001, 0x0001, 0x0001,
    0x0001, 0x0001, 0x0001, 0x0001, 0x0001, 0x0001, 0x0001, 0x0001, 0x0001, 0x0001, 0x0001, 0x0001,
    0x0001, 0x0001, 0x0001, 0x0001, 0x0001, 0x0001, 0x0001, 0x0001, 0x0001, 0x0001, 0x0001, 0x0001,
    0x0001, 0x0001, 0x0001, 0x0001, 0x0001, 0x0001, 0x33CB, 0xB7FB, 0x0B27, 0xB638, 0xF7DF, 0x3ACA,
    0x0165, 0x4492, 0x3E38, 0x14F3, 0x2471, 0x0B6B, 0x5E75, 0x97BA, 0x040C, 0x0249, 0x0249, 0x0AEC,
    0x1C31, 0x026A, 0x026A, 0x026A, 0x56BA, 0x7F5D, 0x032C, 0x134D, 0x24B2, 0x1534, 0x4E18, 0x332D,
    0x0103, 0x7CF3, 0xFFFF, 0x4C6E, 0x450E, 0xA799, 0x0984, 0x0001, 0x0001, 0x0001, 0x0001, 0x0001,
    0x0001, 0x0001, 0x0001, 0x0001, 0x0001, 0x0001, 0x0001, 0x0001, 0x0001, 0x0001, 0x0001, 0x0001,
    0x0001, 0x0001, 0x0001, 0x0001, 0x0001, 0x0001, 0x0001, 0x0001, 0x0001, 0x0001, 0x0001, 0x0001,
    0x0001, 0x0001, 0x0001, 0x0001, 0x0001, 0x09C5, 0xAFDA, 0x344B, 0x74B2, 0xFFFF, 0x3AEB, 0x01A6,
    0x5DB7, 0x2DF8, 0x032C, 0x138D, 0x0248, 0x034A, 0xBFDC, 0xEFFF, 0x24EF, 0x0ACA, 0x132C, 0x138E,
    0x2492, 0x02CB, 0x134C, 0x2C91, 0x5E79, 0x7F3C, 0x0BAF, 0x0A6A, 0x134D, 0x138E, 0x03F0, 0x467A,
    0x4C72, 0x0103, 0x8D55, 0xFFFF, 0x1B69, 0x8695, 0x75F2, 0x0001, 0x0001, 0x0001, 0x0001, 0x0001,
    0x0001, 0x0001, 0x0001, 0x0001, 0x0001, 0x0001, 0x0001, 0x0001, 0x0001, 0x0001, 0x0001, 0x0001,
    0x0001, 0x0001, 0x0001, 0x0001, 0x0001, 0x0001, 0x0001, 0x0001, 0x0001, 0x0001, 0x0001, 0x0001,
    0x0001, 0x0001, 0x0001, 0x08E4, 0x232C, 0x6633, 0x7E94, 0x234A, 0xFFFF, 0x6451, 0x0165, 0x65B7,
    0x2D96, 0x028A, 0x130B, 0x1BCE, 0x0A8A, 0x0AEA, 0x3531, 0x2C8E, 0x44B0, 0x12EA, 0x0185, 0x01E7,
    0x02EB, 0x1AAA, 0x33EE, 0x22EB, 0x01E7, 0x1ACD, 0x5A4F, 0x59ED, 0x428D, 0x33F1, 0x12AB, 0x036E,
    0x4E5A, 0x4C51, 0x0144, 0xCEDB, 0xCEFB, 0x0B68, 0xAFFA, 0x22E8, 0x0001, 0x0001, 0x0001, 0x0001,
    0x0001, 0x0001, 0x0001, 0x0001, 0x0001, 0x0001, 0x0001, 0x0001, 0x0001, 0x0001, 0x0001, 0x0001,
    0x0001, 0x0001, 0x0001, 0x0001, 0x0001, 0x0001, 0x0001, 0x0001, 0x0001, 0x0001, 0x0001, 0x0945,
    0x1A88, 0x1247, 0x2B8C, 0x2C90, 0x2D73, 0x4590, 0x1B68, 0xC6BA, 0xC6BA, 0x0144, 0x5CD3, 0x56FC,
    0x14B2, 0x0ACA, 0x1BEF, 0x0208, 0x0165, 0x0186, 0x0AEB, 0x0124, 0x09E6, 0x4470, 0x3CB0, 0x3CD1,
    0x3CB1, 0x336C, 0x0986, 0x00E4, 0x28E6, 0x890D, 0xB971, 0xB10F, 0x990E, 0x59CC, 0x2BB0, 0x12CB,
    0x0C92, 0x66BB, 0x2B0C, 0x2289, 0xFFFF, 0x5CB0, 0x3CAC, 0x1C0A, 0x0287, 0x2BEC, 0x1227, 0x0104,
    0x0945, 0x0001, 0x0001, 0x0001, 0x0001, 0x0001, 0x0001, 0x0001, 0x0001, 0x0001, 0x0001, 0x0001,
    0x0001, 0x0001, 0x0001, 0x0001, 0x0001, 0x0001, 0x0001, 0x0001, 0x0001, 0x0001, 0x0924, 0x5694,
    0x57B7, 0x6737, 0x3531, 0x1B4B, 0x350E, 0x02A5, 0x438C, 0xFFFF, 0x2AAA, 0x32EC, 0x567A, 0x673C,
    0x6638, 0x01C6, 0x0A89, 0x00E3, 0x00E3, 0x09E7, 0x0AAA, 0x0165, 0x0144, 0x134B, 0xDFFE, 0xFFFF,
    0x5573, 0x01C6, 0x11C7, 0x1166, 0x70EB, 0xC111, 0xE134, 0xE934, 0xD132, 0x90CD, 0x3A4C, 0x01E8,
    0x1BEE, 0x8FDE, 0x7639, 0x0186, 0x9575, 0xE79D, 0x01E4, 0x2409, 0x240B, 0x1B6A, 0x14EC, 0x4653,
    0x4EDC, 0x3CD3, 0x0001, 0x0001, 0x0001, 0x0001, 0x0001, 0x0001, 0x0001, 0x0001, 0x0001, 0x0001,
    0x0001, 0x0001, 0x0001, 0x0001, 0x0001, 0x0001, 0x0001, 0x0001, 0x0001, 0x1145, 0x3C6F, 0x3EF4,
    0x3F97, 0x4736, 0x08E4, 0x1A47, 0xB7FA, 0x0AC6, 0xC69A, 0xC69A, 0x0144, 0x75D7, 0x1CB2, 0x032C,
    0x130B, 0x0B4C, 0x0269, 0x0186, 0x01C7, 0x130C, 0x0ACB, 0x01A6, 0x0A69, 0x44D1, 0x9ED9, 0xBF9C,
    0x3C2E, 0x0986, 0x11C7, 0x21A8, 0x898E, 0xD8B2, 0xFC1A, 0xFF5F, 0xE8D4, 0xB0CF, 0x498B, 0x01E8,
    0x12AA, 0x1491, 0x45F8, 0x4C10, 0x1248, 0xFFFF, 0x4C0D, 0x4CEE, 0x8EF6, 0x0082, 0x0985, 0x575B,
    0x371F, 0x46DD, 0x33AD, 0x08C3, 0x0001, 0x0001, 0x0001, 0x0001, 0x0001, 0x0001, 0x0001, 0x0001,
    0x0001, 0x0001, 0x0001, 0x0001, 0x0001, 0x0001, 0x0001, 0x10E4, 0x43CE, 0x55F6, 0x3572, 0x3550,
    0x4E54, 0x232A, 0x0001, 0x5D50, 0x8EF6, 0x0142, 0x8D55, 0x3B0B, 0x2AEB, 0x5618, 0x02CA, 0x0A69,
    0x0228, 0x775C, 0x4575, 0x0185, 0x0124, 0x0269, 0x0185, 0x1A68, 0x3BCE, 0x1A48, 0x01C6, 0x1AEA,
    0x3BAD, 0x00C3, 0x08C3, 0x10C4, 0x70CA, 0xC00F, 0xFC1B, 0xFEBF, 0xE8F4, 0xB0CF, 0x39CA, 0x3D13,
    0x2BAE, 0x0185, 0x0410, 0x6DF8, 0x09A6, 0x7D34, 0x438C, 0x0285, 0xAFFA, 0x1AA8, 0x0001, 0x3491,
    0x56FC, 0x35B6, 0x4613, 0x6592, 0x3AEA, 0x0001, 0x0001, 0x0001, 0x0001, 0x0001, 0x0001, 0x0001,
    0x0001, 0x0001, 0x0001, 0x0001, 0x0001, 0x0001, 0x2208, 0x5D53, 0x45B5, 0x3D95, 0x11E7, 0x0001,
    0x0001, 0x0001, 0x00C3, 0x8F17, 0x54EE, 0x0122, 0x2B6B, 0x00E2, 0x6D35, 0x24D3, 0x0B0B, 0x0ACA,
    0x01C6, 0x2471, 0x2BEF, 0x1A89, 0x13ED, 0x2D31, 0x2C2E, 0x334C, 0x0124, 0x00A3, 0x00C3, 0x00A2,
    0x3B8D, 0x1A28, 0x00A3, 0x08E4, 0x40A6, 0xB08E, 0xFBDA, 0xFB9B, 0xE255, 0x7008, 0x0925, 0x4D54,
    0x240F, 0x0208, 0x032C, 0x4DD7, 0x434D, 0x0184, 0x2B4A, 0x0121, 0x9737, 0x54CF, 0x0001, 0x0001,
    0x1166, 0x08E4, 0x1289, 0x2D0F, 0x6E72, 0x4D4F, 0x1A67, 0x0001, 0x0001, 0x0001, 0x0001, 0x0001,
    0x0001, 0x0001, 0x0001, 0x0001, 0x0001, 0x1A29, 0x6E79, 0x3DF7, 0x238E, 0x08C3, 0x0001, 0x0001,
    0x0001, 0x0001, 0x1206, 0xAFFA, 0x1B07, 0x11E5, 0x3BAB, 0x00C2, 0x5534, 0x0C50, 0x02AA, 0x0124,
    0x0124, 0x0248, 0x0081, 0x246F, 0xBFFE, 0xCFFE, 0x3D93, 0x00E3, 0x00C3, 0x0104, 0x0104, 0x00E3,
    0x1A28, 0x438D, 0x08E4, 0x1104, 0x18C4, 0x9A50, 0xEBF9, 0xD276, 0xDC18, 0x3025, 0x08A3, 0x01C7,
    0x0186, 0x0186, 0x032C, 0x2D75, 0x3B6D, 0x0123, 0x442D, 0x00E1, 0x6DD1, 0x8EB5, 0x08A3, 0x0001,
    0x0001, 0x0001, 0x0001, 0x0A26, 0x5F75, 0x5794, 0x5F13, 0x11A5, 0x0001, 0x0001, 0x0001, 0x0001,
    0x0001, 0x0001, 0x0001, 0x0001, 0x1167, 0x771D, 0x6F9F, 0x775F, 0x22AC, 0x0001, 0x0001, 0x0001,
    0x0001, 0x0001, 0x1AA8, 0x8F57, 0x0182, 0x22A8, 0x22C8, 0x0923, 0x3D34, 0x0289, 0x0207, 0x00C3,
    0x0124, 0x0AAA, 0x1A69, 0x3D52, 0xBFFD, 0xD7FF, 0x24AF, 0x00E3, 0x00E4, 0x00E3, 0x00E3, 0x00E4,
    0x0104, 0x436C, 0x1AC9, 0x0144, 0x08C4, 0xA456, 0xABD5, 0x7230, 0xD57B, 0x30E7, 0x00A3, 0x09C7,
    0x01C7, 0x00A2, 0x01A6, 0x1430, 0x33EF, 0x00C2, 0x3B8B, 0x0963, 0x33AA, 0x7EB5, 0x0082, 0x0001,
    0x0001, 0x0001, 0x0001, 0x11A5, 0x5FF8, 0x2E0F, 0x364F, 0x446E, 0x0001, 0x0001, 0x0001, 0x0001,
    0x0001, 0x0001, 0x0001, 0x0001, 0x122A, 0x67BF, 0x2D5B, 0x1D3C, 0x33B0, 0x0001, 0x0001, 0x0001,
    0x0001, 0x19E6, 0x4CEF, 0x4D8F, 0x0162, 0x334A, 0x1A26, 0x2AAA, 0x4575, 0x0287, 0x0348, 0x09C6,
    0x334C, 0x3C50, 0x2289, 0x0A68, 0x3531, 0x3DD4, 0x2BCE, 0x00A2, 0x00C3, 0x00C3, 0x00C3, 0x00E3,
    0x0124, 0x23AA, 0xA739, 0x3C8D, 0x12E9, 0xAE9A, 0x536F, 0x324B, 0xBE5B, 0x3B0C, 0x00A3, 0x01A6,
    0x0207, 0x00E3, 0x02E6, 0x03AB, 0x5555, 0x0923, 0x338A, 0x1205, 0x1265, 0x4D6E, 0x43EC, 0x08C3,
    0x0001, 0x0001, 0x0001, 0x0001, 0x3C6D, 0x5672, 0x3E0F, 0x6613, 0x19A6, 0x0001, 0x0001, 0x0001,
    0x0001, 0x0001, 0x0001, 0x0001, 0x22EC, 0x6F7E, 0x4E5D, 0x3DDC, 0x224A, 0x0001, 0x0001, 0x0001,
    0x11A6, 0x6E32, 0x452E, 0x4D0F, 0x4CCE, 0x12E7, 0x0163, 0x334C, 0x2552, 0x55F1, 0xB7BB, 0x244B,
    0x0329, 0x0247, 0x0081, 0x1A68, 0x0A48, 0x0207, 0x334D, 0x1ACA, 0x0122, 0x0104, 0x0104, 0x0124,
    0x01E5, 0x5E12, 0xF7FF, 0x4610, 0x6653, 0xE7FE, 0x136A, 0x0ACA, 0xBF5B, 0x9ED8, 0x0206, 0x01E7,
    0x0248, 0x02A4, 0xAF78, 0x5E92, 0x35B2, 0x09A5, 0x1205, 0x1B28, 0x5D90, 0x44CD, 0x55D0, 0x54EF,
    0x0001, 0x0001, 0x0001, 0x0001, 0x0001, 0x0924, 0x348F, 0x5572, 0x3B2B, 0x0001, 0x0001, 0x0001,
    0x0001, 0x0001, 0x0001, 0x0001, 0x544F, 0x4554, 0x3D55, 0x0986, 0x0001, 0x0001, 0x0001, 0x0001,
    0x43CC, 0x3D6E, 0xD73C, 0xAEB8, 0x7674, 0x65B1, 0x54EE, 0x7614, 0x1D50, 0x3DCE, 0x86D5, 0x03E6,
    0x6E53, 0x1C6A, 0x0184, 0x22EA, 0x0165, 0x0207, 0x01A4, 0x4DF2, 0x5E11, 0x0264, 0x0124, 0x0184,
    0x2CEE, 0x8716, 0x1449, 0x0348, 0x9739, 0x5E34, 0x0267, 0x02A9, 0x6614, 0xB7BB, 0x0309, 0x0208,
    0x02C9, 0x3D6D, 0xBFF9, 0x8F95, 0x7F16, 0x6571, 0x54CE, 0x8654, 0x65F2, 0xF7BE, 0x85D4, 0x4DAF,
    0x1985, 0x0001, 0x0001, 0x0001, 0x0001, 0x2249, 0x3470, 0x5D32, 0x32EB, 0x0001, 0x0001, 0x0001,
    0x0001, 0x0001, 0x0001, 0x0001, 0x4BCD, 0x5D31, 0x2BCE, 0x22CA, 0x0001, 0x0001, 0x0001, 0x0001,
    0x32E9, 0x5E12, 0x75B3, 0x6DF3, 0x6DF2, 0x22E8, 0x1A46, 0x4CCF, 0x4672, 0x03A7, 0x0305, 0x4E2F,
    0xE7FE, 0x6672, 0x0B47, 0x11E7, 0x0124, 0x0208, 0x0284, 0x9757, 0xDFFD, 0x4E2F, 0x0263, 0x248C,
    0xAFFB, 0x0C4B, 0x0164, 0x13CE, 0x873B, 0x02E9, 0x0185, 0x0A69, 0x02C9, 0x6EB8, 0x3490, 0x02A7,
    0x04AA, 0x8F35, 0x04C8, 0x1D6A, 0xAF78, 0x2389, 0x1A46, 0x3C2C, 0x6612, 0x85D3, 0x5D91, 0x5DD1,
    0x0904, 0x0001, 0x0001, 0x0946, 0x232E, 0x3D15, 0x2BAE, 0x7DD5, 0x1125, 0x0001, 0x0001, 0x0001,
    0x0001, 0x0001, 0x0001, 0x0001, 0x1145, 0x8635, 0x2B8B, 0x3470, 0x2B4C, 0x0001, 0x0001, 0x0001,
    0x0001, 0x4C4D, 0x5590, 0x4D2E, 0x22C7, 0x2287, 0x0164, 0x33AB, 0xDFFD, 0x2DF0, 0x256F, 0x8717,
    0x04CA, 0x8F78, 0x254F, 0x0164, 0x0165, 0x0247, 0x4DB1, 0x6EB4, 0x0487, 0x9757, 0x5E92, 0x8F59,
    0x9FBD, 0x34F2, 0x0185, 0x4DB6, 0x5DF7, 0x0165, 0x0144, 0x0248, 0x01C7, 0x3CF3, 0x6678, 0x35D2,
    0xD7FD, 0x4DF0, 0x0266, 0x03CA, 0x6EB6, 0x11A5, 0x1A46, 0x0A05, 0x3BEB, 0x452E, 0x5DB1, 0x2AA8,
    0x0001, 0x0001, 0x226B, 0x7F3D, 0x6FBF, 0x771E, 0x767A, 0x32EB, 0x0001, 0x0001, 0x0001, 0x0001,
    0x0001, 0x0001, 0x0001, 0x0001, 0x0001, 0x2227, 0x8E55, 0x442E, 0x3490, 0x344F, 0x1207, 0x11E6,
    0x08C3, 0x0001, 0x2349, 0x55D0, 0x0121, 0x2B29, 0x1A46, 0x330B, 0x6F39, 0x879B, 0x8FDD, 0x13AC,
    0x0226, 0x4E36, 0xBFDD, 0x02E9, 0x0103, 0x146E, 0x8F9B, 0x0B49, 0x0183, 0x358F, 0xFFFF, 0x4613,
    0x0CD1, 0x8F1C, 0x036E, 0x7EFC, 0x1C11, 0x0104, 0x0104, 0x0248, 0x0165, 0x02EC, 0x773C, 0x7F7C,
    0x5E36, 0x0287, 0x0227, 0x038C, 0x6638, 0x0964, 0x336A, 0x09C5, 0x1286, 0x6611, 0x0985, 0x0001,
    0x0001, 0x0001, 0x33D1, 0x67FF, 0x355B, 0x1D3C, 0x44F5, 0x0001, 0x0001, 0x0001, 0x0001, 0x0001,
    0x0001, 0x0001, 0x0001, 0x0001, 0x0001, 0x0001, 0x1186, 0x7573, 0x6552, 0x3D50, 0x6798, 0x5797,
    0x5DF3, 0x0001, 0x1A47, 0xBFFC, 0x12A5, 0x1A67, 0x2309, 0x1A07, 0x5EBA, 0x6F3C, 0x5E38, 0x0185,
    0x0B8D, 0x1533, 0x7EFB, 0x5E78, 0x042E, 0x875C, 0x34F2, 0x0164, 0x0144, 0x02C7, 0x24EE, 0x02E9,
    0x024A, 0x667A, 0x46DC, 0x6EBC, 0x024A, 0x0104, 0x0124, 0x0A49, 0x0145, 0x0229, 0x6EDC, 0xAFDF,
    0x034D, 0x0144, 0x0228, 0x1C70, 0x7DD7, 0x0102, 0x3BEC, 0x0142, 0x5D70, 0x9F38, 0x0082, 0x0001,
    0x0001, 0x1A28, 0x34F6, 0x679F, 0x3DFD, 0x361E, 0x2B0D, 0x0001, 0x0001, 0x0001, 0x0001, 0x0001,
    0x0001, 0x0001, 0x0001, 0x0001, 0x0001, 0x0001, 0x0001, 0x0001, 0x32CA, 0x6634, 0x36F4, 0x2EF5,
    0x3F97, 0x2AE9, 0x0184, 0xA7B9, 0x446C, 0x09A4, 0x3BCC, 0x0102, 0x4C71, 0x1555, 0x02EB, 0x0289,
    0x97BE, 0x5617, 0x02EB, 0x7F5D, 0xE7FF, 0x4E7A, 0x01E7, 0x0104, 0x0124, 0x0104, 0x0144, 0x0165,
    0x01A7, 0x1CF5, 0xCFFF, 0x4E3A, 0x01A8, 0x0104, 0x0145, 0x0269, 0x0124, 0x024A, 0x7F3E, 0xCFFF,
    0x038F, 0x01E7, 0x02CA, 0x3D55, 0x32AA, 0x0984, 0x43CC, 0x0121, 0x8ED5, 0x65D2, 0x0924, 0x1A69,
    0x2BCE, 0x3491, 0x4576, 0x6E5A, 0x5556, 0x2B2D, 0x08A3, 0x0001, 0x0001, 0x0001, 0x0001, 0x0001,
    0x0001, 0x0001, 0x0001, 0x0001, 0x0001, 0x0001, 0x0001, 0x0001, 0x0001, 0x11E6, 0x4F15, 0x4F98,
    0x4F56, 0x45F3, 0x1CCE, 0x7EF5, 0x8674, 0x0162, 0x3C0D, 0x0184, 0x19E7, 0x3DB7, 0x1430, 0x132B,
    0x1BCE, 0x1C71, 0x01E7, 0x0BAF, 0x55D7, 0x03CF, 0x01E7, 0x0145, 0x0145, 0x0165, 0x0145, 0x0124,
    0x01A7, 0x2557, 0xEFFF, 0x6EFD, 0x01E8, 0x0124, 0x01C7, 0x0269, 0x0166, 0x01C7, 0x0C53, 0x2536,
    0x12EC, 0x0228, 0x0BEF, 0x4D14, 0x00A1, 0x1B08, 0x2309, 0x0A44, 0xAFDA, 0x3D2F, 0x244F, 0x3CF2,
    0x4D33, 0x5D33, 0x4BEF, 0x1125, 0x0001, 0x0001, 0x0001, 0x0001, 0x0001, 0x0001, 0x0001, 0x0001,
    0x0001, 0x0001, 0x0001, 0x0001, 0x0001, 0x0001, 0x0001, 0x0001, 0x0001, 0x0001, 0x11E6, 0x338B,
    0x12C8, 0x3D53, 0x3DD5, 0x3DD0, 0xB7FB, 0x0284, 0x7D53, 0x7D74, 0x1A68, 0x869A, 0x36BA, 0x0A69,
    0x0124, 0x0A69, 0x1A69, 0x0144, 0x0104, 0x01E7, 0x01A6, 0x00E3, 0x00E3, 0x00C3, 0x0185, 0x1AAA,
    0x33CE, 0x236E, 0x1C94, 0x34F4, 0x1A8A, 0x00C3, 0x09C7, 0x0A07, 0x00E3, 0x0124, 0x026A, 0x0124,
    0x234C, 0x2CF2, 0x2554, 0x8576, 0x0246, 0xBF1A, 0x2328, 0x34AC, 0xA7FB, 0x250F, 0x44B1, 0x440F,
    0x2ACB, 0x0925, 0x0001, 0x0001, 0x0001, 0x0001, 0x0001, 0x0001, 0x0001, 0x0001, 0x0001, 0x0001,
    0x0001, 0x0001, 0x0001, 0x0001, 0x0001, 0x0001, 0x0001, 0x0001, 0x0001, 0x0001, 0x0001, 0x0001,
    0x0001, 0x08E4, 0x1166, 0x12A7, 0xAFDA, 0x4D0E, 0x43ED, 0xFFFF, 0x12C9, 0x7514, 0x4679, 0x034C,
    0x0A48, 0x0ACA, 0x09E7, 0x1228, 0x00E3, 0x0B4D, 0x1CD3, 0x0207, 0x09C6, 0x2AEA, 0x330B, 0x22CA,
    0x0A69, 0x00E3, 0x00E4, 0x0145, 0x3BCE, 0x0A68, 0x02A8, 0x01A6, 0x00C3, 0x01C6, 0x0AAA, 0x01C6,
    0x2450, 0x779D, 0x7EDB, 0x332B, 0x5D10, 0xF7DF, 0x0B46, 0x8F78, 0x5E53, 0x1227, 0x1125, 0x0001,
    0x0001, 0x0001, 0x0001, 0x0001, 0x0001, 0x0001, 0x0001, 0x0001, 0x0001, 0x0001, 0x0001, 0x0001,
    0x0001, 0x0001, 0x0001, 0x0001, 0x0001, 0x0001, 0x0001, 0x0001, 0x0001, 0x0001, 0x0001, 0x0001,
    0x0001, 0x0001, 0x0001, 0x0001, 0x5530, 0xB7FB, 0x01E3, 0xBE9A, 0xB679, 0x12A9, 0x967A, 0x1D34,
    0x0248, 0x134C, 0x0AEA, 0x12CA, 0x0B6D, 0x6EFC, 0xCFFF, 0x567A, 0x2B6D, 0x1228, 0x0124, 0x0124,
    0x0248, 0x00E3, 0x0124, 0x00E3, 0x0206, 0x6E76, 0x8ED8, 0x138B, 0x0A07, 0x1B6D, 0x0AEA, 0x0A48,
    0x034B, 0x4617, 0x8534, 0x0B08, 0xFFFF, 0x4C2D, 0x23C9, 0xC7FD, 0x1A67, 0x0001, 0x0001, 0x0001,
    0x0001, 0x0001, 0x0001, 0x0001, 0x0001, 0x0001, 0x0001, 0x0001, 0x0001, 0x0001, 0x0001, 0x0001,
    0x0001, 0x0001, 0x0001, 0x0001, 0x0001, 0x0001, 0x0001, 0x0001, 0x0001, 0x0001, 0x0001, 0x0001,
    0x0001, 0x0001, 0x0001, 0x0001, 0x1164, 0x33EB, 0x0A65, 0x12C8, 0xFFFF, 0x6CF2, 0x19E6, 0x44B2,
    0x0C50, 0x01C6, 0x0A89, 0x01A5, 0x0B6D, 0x7F7E, 0xE7FF, 0x4E7A, 0x0269, 0x0207, 0x09E7, 0x0A69,
    0x134C, 0x0A07, 0x0A28, 0x0A07, 0x0309, 0x973A, 0xF7FF, 0x248D, 0x0227, 0x0AEA, 0x0164, 0x02A9,
    0x2533, 0x436D, 0x0A25, 0xCF3B, 0xB698, 0x01C3, 0x1B28, 0x338A, 0x0001, 0x0001, 0x0001, 0x0001,
    0x0001, 0x0001, 0x0001, 0x0001, 0x0001, 0x0001, 0x0001, 0x0001, 0x0001, 0x0001, 0x0001, 0x0001,
    0x0001, 0x0001, 0x0001, 0x0001, 0x0001, 0x0001, 0x0001, 0x0001, 0x0001, 0x0001, 0x0001, 0x0001,
    0x0001, 0x0001, 0x0001, 0x0001, 0x0001, 0x0001, 0x5CEF, 0x444C, 0x3B6B, 0x7E14, 0x12C6, 0x0964,
    0x6E39, 0x0430, 0x02EA, 0x01C6, 0x1269, 0x2451, 0x2535, 0x0B4D, 0x0144, 0x0185, 0x0185, 0x0207,
    0x0B0B, 0x01A6, 0x0186, 0x0185, 0x01A5, 0x142D, 0x350F, 0x02E7, 0x0268, 0x0227, 0x02EA, 0x2DB6,
    0x64D3, 0x00E1, 0x342A, 0x85F4, 0x0265, 0x7DF3, 0x2267, 0x0001, 0x0001, 0x0001, 0x0001, 0x0001,
    0x0001, 0x0001, 0x0001, 0x0001, 0x0001, 0x0001, 0x0001, 0x0001, 0x0001, 0x0001, 0x0001, 0x0001,
    0x0001, 0x0001, 0x0001, 0x0001, 0x0001, 0x0001, 0x0001, 0x0001, 0x0001, 0x0001, 0x0001, 0x0001,
    0x0001, 0x0001, 0x0001, 0x0001, 0x0001, 0x0001, 0x0944, 0x4CEE, 0x1A66, 0x340B, 0xCFFD, 0x23AA,
    0x6C91, 0x8EBB, 0x04B2, 0x4DF7, 0x34B2, 0x01C6, 0x01E7, 0x0ACA, 0x0144, 0x0124, 0x0103, 0x0185,
    0x0AA9, 0x0123, 0x0124, 0x0103, 0x0227, 0x0268, 0x0267, 0x6E95, 0x1C4D, 0x030A, 0x2D95, 0xA65A,
    0x336B, 0x5D91, 0xC7FC, 0x0223, 0x440C, 0x33AB, 0x0001, 0x0001, 0x0001, 0x0001, 0x0001, 0x0001,
    0x0001, 0x0001, 0x0001, 0x0001, 0x0001, 0x0001, 0x0001, 0x0001, 0x0001, 0x0001, 0x0001, 0x0001,
    0x0001, 0x0001, 0x0001, 0x0001, 0x0001, 0x0001, 0x0001, 0x0001, 0x0001, 0x0001, 0x0001, 0x0001,
    0x0001, 0x0001, 0x0001, 0x0001, 0x0001, 0x0001, 0x0001, 0x1A07, 0x550F, 0x1265, 0x6570, 0xC7FD,
    0x240A, 0x644F, 0x9E9B, 0x56DB, 0x14B2, 0x0228, 0x0207, 0x138D, 0x0B0B, 0x0248, 0x0248, 0x0268,
    0x0B8D, 0x0207, 0x0A68, 0x0268, 0x13AD, 0x0A89, 0x02C9, 0x4E54, 0x1551, 0x55F8, 0xA619, 0x2B4A,
    0x5D91, 0xCFFD, 0x23A8, 0x2B69, 0x54AE, 0x00A3, 0x0001, 0x0001, 0x0001, 0x0001, 0x0001, 0x0001,
    0x0001, 0x0001, 0x0001, 0x0001, 0x0001, 0x0001, 0x0001, 0x0001, 0x0001, 0x0001, 0x0001, 0x0001,
    0x0001, 0x0001, 0x0001, 0x0001, 0x0001, 0x0001, 0x0001, 0x0001, 0x0001, 0x0001, 0x0001, 0x0001,
    0x0001, 0x0001, 0x0001, 0x0001, 0x0001, 0x0001, 0x0001, 0x0001, 0x1A47, 0x552F, 0x0A65, 0x550E,
    0xD7FE, 0x346C, 0x32E9, 0x9596, 0x4D34, 0x24F3, 0x030B, 0x0207, 0x02EA, 0x01A6, 0x0206, 0x344D,
    0x55B3, 0x1B4A, 0x01A5, 0x0A89, 0x0268, 0x0227, 0x0C0F, 0x1CD2, 0x6D96, 0x8514, 0x0A86, 0x7E74,
    0xC7FC, 0x1B47, 0x2B69, 0x4CAE, 0x00C3, 0x0001, 0x0001, 0x0001, 0x0001, 0x0001, 0x0001, 0x0001,
    0x0001, 0x0001, 0x0001, 0x0001, 0x0001, 0x0001, 0x0001, 0x0001, 0x0001, 0x0001, 0x0001, 0x0001,
    0x0001, 0x0001, 0x0001, 0x0001, 0x0001, 0x0001, 0x0001, 0x0001, 0x0001, 0x0001, 0x0001, 0x0001,
    0x0001, 0x0001, 0x0001, 0x0001, 0x0001, 0x0001, 0x0001, 0x0001, 0x0001, 0x1A27, 0x550F, 0x1AC6,
    0x3BCA, 0x5DF0, 0x75F3, 0x2389, 0x0122, 0x11E7, 0x2C10, 0x2450, 0x0C0F, 0x038C, 0x550F, 0x4D2E,
    0x344A, 0x6590, 0x2C4D, 0x03CE, 0x13CE, 0x2CB2, 0x236D, 0x0944, 0x09C4, 0x3C8D, 0x6E52, 0x5D90,
    0x1306, 0x3BCA, 0x446D, 0x00E3, 0x0001, 0x0001, 0x0001, 0x0001, 0x0001, 0x0001, 0x0001, 0x0001,
    0x0001, 0x0001, 0x0001, 0x0001, 0x0001, 0x0001, 0x0001, 0x0001, 0x0001, 0x0001, 0x0001, 0x0001,
    0x0001, 0x0001, 0x0001, 0x0001, 0x0001, 0x0001, 0x0001, 0x0001, 0x0001, 0x0001, 0x0001, 0x0001,
    0x0001, 0x0001, 0x0001, 0x0001, 0x0001, 0x0001, 0x0001, 0x0001, 0x0001, 0x0001, 0x1185, 0x4CAE,
    0x2B49, 0x12A5, 0x96D6, 0xC7FC, 0x6DD2, 0x12A6, 0x00A0, 0x2228, 0x7D55, 0x7E77, 0x554F, 0x54EE,
    0xB6B8, 0x2C0A, 0x7655, 0x6DB6, 0x74D3, 0x0103, 0x0141, 0x2BAA, 0x96D6, 0xC7FC, 0x6590, 0x0223,
    0x4C6D, 0x33AB, 0x00A3, 0x0001, 0x0001, 0x0001, 0x0001, 0x0001, 0x0001, 0x0001, 0x0001, 0x0001,
    0x0001, 0x0001, 0x0001, 0x0001, 0x0001, 0x0001, 0x0001, 0x0001, 0x0001, 0x0001, 0x0001, 0x0001,
    0x0001, 0x0001, 0x0001, 0x0001, 0x0001, 0x0001, 0x0001, 0x0001, 0x0001, 0x0001, 0x0001, 0x0001,
    0x0001, 0x0001, 0x0001, 0x0001, 0x0001, 0x0001, 0x0001, 0x0001, 0x0001, 0x0001, 0x0001, 0x08E3,
    0x3BCC, 0x4CAE, 0x2327, 0x3C2B, 0xA799, 0xCFFD, 0x8694, 0x01A4, 0x1986, 0x646F, 0x3CAC, 0x8DD4,
    0xFFFF, 0x3C6C, 0x6591, 0x3B0B, 0x1124, 0x2308, 0xAFBA, 0xC7FD, 0x8694, 0x23A8, 0x2389, 0x54CF,
    0x2288, 0x0001, 0x0001, 0x0001, 0x0001, 0x0001, 0x0001, 0x0001, 0x0001, 0x0001, 0x0001, 0x0001,
    0x0001, 0x0001, 0x0001, 0x0001, 0x0001, 0x0001, 0x0001, 0x0001, 0x0001, 0x0001, 0x0001, 0x0001,
    0x0001, 0x0001, 0x0001, 0x0001, 0x0001, 0x0001, 0x0001, 0x0001, 0x0001, 0x0001, 0x0001, 0x0001,
    0x0001, 0x0001, 0x0001, 0x0001, 0x0001, 0x0001, 0x0001, 0x0001, 0x0001, 0x0001, 0x0001, 0x0001,
    0x0001, 0x11C5, 0x2288, 0x2308, 0x4D4E, 0x344B, 0x6591, 0x0944, 0x0862, 0x0143, 0x6E33, 0x34AC,
    0x3C6B, 0x558F, 0x4CCE, 0x0062, 0x0001, 0x22E8, 0x65D2, 0x2C2A, 0x556E, 0x0A46, 0x332A, 0x0082,
    0x0001, 0x0001, 0x0001, 0x0001, 0x0001, 0x0001, 0x0001, 0x0001, 0x0001, 0x0001, 0x0001, 0x0001,
    0x0001, 0x0001, 0x0001, 0x0001, 0x0001, 0x0001, 0x0001, 0x0001, 0x0001, 0x0001, 0x0001, 0x0001,
    0x0001, 0x0001, 0x0001, 0x0001, 0x0001, 0x0001, 0x0001, 0x0001, 0x0001, 0x0001, 0x0001, 0x0001,
    0x0001, 0x0001, 0x0001, 0x0001, 0x0001, 0x0001, 0x0001, 0x0001, 0x0001, 0x1985, 0x438C, 0x43AC,
    0x43AC, 0x3B6B, 0x442D, 0x7E74, 0x19E6, 0x0001, 0x0082, 0x0001, 0x0001, 0x43EC, 0x5570, 0x550F,
    0x8654, 0x44CD, 0x65B1, 0x2207, 0x0001, 0x0001, 0x0062, 0x0001, 0x43CC, 0x7633, 0x336B, 0x438C,
    0x43AC, 0x43AC, 0x32EA, 0x0001, 0x0001, 0x0001, 0x0001, 0x0001, 0x0001, 0x0001, 0x0001, 0x0001,
    0x0001, 0x0001, 0x0001, 0x0001, 0x0001, 0x0001, 0x0001, 0x0001, 0x0001, 0x0001, 0x0001, 0x0001,
    0x0001, 0x0001, 0x0001, 0x0001, 0x0001, 0x0001, 0x0001, 0x0001, 0x0001, 0x0001, 0x0001, 0x0001,
    0x0001, 0x0001, 0x0001, 0x0001, 0x0001, 0x0001, 0x0001, 0x08A3, 0x0082, 0x5530, 0x5590, 0x442D,
    0x442D, 0x3BCC, 0x43CC, 0x0904, 0x0001, 0x0001, 0x0001, 0x0001, 0x32E9, 0x7633, 0x0904, 0x11E6,
    0x65F2, 0x0862, 0x2AC8, 0x7653, 0x0924, 0x0001, 0x0001, 0x0001, 0x0001, 0x2267, 0x43CC, 0x3BCC,
    0x446D, 0x3C6D, 0x6E94, 0x1A67, 0x0001, 0x0001, 0x0001, 0x0001, 0x0001, 0x0001, 0x0001, 0x0001,
    0x0001, 0x0001, 0x0001, 0x0001, 0x0001, 0x0001, 0x0001, 0x0001, 0x0001, 0x0001, 0x0001, 0x0001,
    0x0001, 0x0001, 0x0001, 0x0001, 0x0001, 0x0001, 0x0001, 0x0001, 0x0001, 0x0001, 0x0001, 0x0001,
    0x0001, 0x0001, 0x0001, 0x0001, 0x0001, 0x00C3, 0x4C6D, 0x6570, 0x5D70, 0x6E12, 0x5D70, 0x54EF,
    0x5CEF, 0x334A, 0x2267, 0x32E9, 0x19C6, 0x0001, 0x2A68, 0x4C4D, 0x8694, 0x22C8, 0x0001, 0x2206,
    0x6DD1, 0x0001, 0x0001, 0x54EF, 0x6DB1, 0x43CC, 0x1144, 0x0001, 0x2AA8, 0x2AC9, 0x2288, 0x442C,
    0x5D2F, 0x550F, 0x6611, 0x65D1, 0x6550, 0x6570, 0x2B09, 0x0001, 0x0001, 0x0001, 0x0001, 0x0001,
    0x0001, 0x0001, 0x0001, 0x0001, 0x0001, 0x0001, 0x0001, 0x0001, 0x0001, 0x0001, 0x0001, 0x0001,
    0x0001, 0x0001, 0x0001, 0x0001, 0x0001, 0x0001, 0x0001, 0x0001, 0x0001, 0x0001, 0x0001, 0x0001,
    0x0001, 0x0001, 0x0001, 0x0001, 0x08E4, 0x6570, 0x4D2F, 0x1AC7, 0x1AE8, 0x1AA7, 0x1AE8, 0x1AE8,
    0x1AE8, 0x44AE, 0x5530, 0x5530, 0x33EC, 0x22C8, 0x65B1, 0x3C4D, 0x2BCB, 0x1289, 0x11E7, 0x22E9,
    0x4CCF, 0x1227, 0x1208, 0x1AC9, 0x33EC, 0x44EF, 0x54CF, 0x1246, 0x44CE, 0x4CAE, 0x4D0F, 0x342C,
    0x1A87, 0x1AA8, 0x1287, 0x1AC7, 0x1AC8, 0x2308, 0x6DF2, 0x3BAB, 0x0001, 0x0001, 0x0001, 0x0001,
    0x0001, 0x0001, 0x0001, 0x0001, 0x0001, 0x0001, 0x0001, 0x0001, 0x0001, 0x0001, 0x0001, 0x0001,
    0x0001, 0x0001, 0x0001, 0x0001, 0x0001, 0x0001, 0x0001, 0x0001, 0x0001, 0x0001, 0x0001, 0x0001,
    0x0001, 0x0001, 0x0001, 0x0001, 0x32C9, 0x5DF1, 0x0207, 0x09A6, 0x09C6, 0x09C6, 0x09C6, 0x09C6,
    0x12A8, 0x0AA7, 0x0144, 0x0185, 0x0A27, 0x1B4B, 0x0A68, 0x0124, 0x0165, 0x09A6, 0x01C6, 0x09C6,
    0x0186, 0x09C6, 0x0A08, 0x0208, 0x0165, 0x0165, 0x130A, 0x12C9, 0x0AE8, 0x0B48, 0x0B48, 0x0B49,
    0x1389, 0x1B89, 0x12C8, 0x0A07, 0x1228, 0x0A08, 0x12E9, 0x6DF2, 0x08E4, 0x0001, 0x0001, 0x0001,
    0x0001, 0x0001, 0x0001, 0x0001, 0x0001, 0x0001, 0x0001, 0x0001, 0x0001, 0x0001, 0x0001, 0x0001,
    0x0001, 0x0001, 0x0001, 0x0001, 0x0001, 0x0001, 0x0001, 0x0001, 0x0001, 0x0001, 0x0001, 0x0001,
    0x0001, 0x0001, 0x0001, 0x0001, 0x0904, 0x12C9, 0x09C6, 0x00C2, 0x00C2, 0x00C2, 0x0103, 0x0061,
    0x4CCE, 0x6E54, 0x2BAE, 0x0144, 0x0124, 0x1B2C, 0x09C6, 0x00C2, 0x0166, 0x00C3, 0x12ED, 0x01E8,
    0x0081, 0x00A2, 0x2413, 0x23B0, 0x0082, 0x00E3, 0x128A, 0x02C9, 0x76B3, 0xBFFA, 0xAFD9, 0xAFF9,
    0xAFD9, 0xBFFA, 0x554F, 0x0924, 0x0985, 0x11A6, 0x12A9, 0x1247, 0x0001, 0x0001, 0x0001, 0x0001,
    0x0001, 0x0001, 0x0001, 0x0001, 0x0001, 0x0001, 0x0001, 0x0001, 0x0001, 0x0001, 0x0001, 0x0001,
    0x0001, 0x0001, 0x0001, 0x0001, 0x0001, 0x0001, 0x0001, 0x0001, 0x0001, 0x0001, 0x0001, 0x0001,
    0x0001, 0x0001, 0x0001, 0x0001, 0x0001, 0x0986, 0x0A07, 0x00A2, 0x0A48, 0x01C6, 0x0103, 0x0162,
    0x552F, 0x7F18, 0x5F1C, 0x12EB, 0x0A07, 0x1B2C, 0x01C7, 0x01C8, 0x4DB9, 0x0209, 0x5E3A, 0x3D57,
    0x0A6B, 0x0AEE, 0x77BF, 0x3D57, 0x0146, 0x0145, 0x12AA, 0x0A89, 0x1349, 0x248D, 0x246D, 0x246D,
    0x246D, 0x248E, 0x1309, 0x11A6, 0x11C7, 0x0985, 0x1268, 0x00A3, 0x0001, 0x0001, 0x0001, 0x0001,
    0x0001, 0x0001, 0x0001, 0x0001, 0x0001, 0x0001, 0x0001, 0x0001, 0x0001, 0x0001, 0x0001, 0x0001,
    0x0001, 0x0001, 0x0001, 0x0001, 0x0001, 0x0001, 0x0001, 0x0001, 0x0001, 0x0001, 0x0001, 0x0001,
    0x0001, 0x0001, 0x0001, 0x0001, 0x0001, 0x09A6, 0x0A69, 0x0A07, 0x5679, 0x3472, 0x01C5, 0x6E32,
    0x76B3, 0x76B7, 0x4E79, 0x569A, 0x34F3, 0x0AAA, 0x1BB0, 0x567D, 0x467C, 0x2D79, 0x463B, 0x5EFE,
    0x56BD, 0x56BD, 0x24B6, 0x3579, 0x463B, 0x3D17, 0x0B0C, 0x0AAA, 0x4DB7, 0x775E, 0x6F1D, 0x6F3D,
    0x6F1D, 0x775E, 0x3493, 0x0965, 0x0986, 0x11C7, 0x1289, 0x08E4, 0x0001, 0x0001, 0x0001, 0x0001,
    0x0001, 0x0001, 0x0001, 0x0001, 0x0001, 0x0001, 0x0001, 0x0001, 0x0001, 0x0001, 0x0001, 0x0001,
    0x0001, 0x0001, 0x0001, 0x0001, 0x0001, 0x0001, 0x0001, 0x0001, 0x0001, 0x0001, 0x0001, 0x0001,
    0x0001, 0x0001, 0x0001, 0x0001, 0x0001, 0x0965, 0x23EF, 0x66FC, 0x569B, 0x56BB, 0x5678, 0x8F17,
    0x8735, 0x7EF7, 0x56BB, 0x5EFC, 0x3D34, 0x130C, 0x3D58, 0x1B4F, 0x02AD, 0x5EDE, 0x0B0E, 0x0AED,
    0x0AAC, 0x0A6B, 0x0104, 0x2C12, 0x3D37, 0x1BF2, 0x34F5, 0x0A28, 0x134D, 0x2472, 0x2451, 0x2452,
    0x2451, 0x2452, 0x12EC, 0x1186, 0x11C7, 0x0986, 0x1269, 0x08E4, 0x0001, 0x0001, 0x0001, 0x0001,
    0x0001, 0x0001, 0x0001, 0x0001, 0x0001, 0x0001, 0x0001, 0x0001, 0x0001, 0x0001, 0x0001, 0x0001,
    0x0001, 0x0001, 0x0001, 0x0001, 0x0001, 0x0001, 0x0001, 0x0001, 0x0001, 0x0001, 0x0001, 0x0001,
    0x0001, 0x0001, 0x0001, 0x0001, 0x0001, 0x0966, 0x1B6D, 0x45B7, 0x3D76, 0x3D96, 0x45D6, 0x55F2,
    0x55F1, 0x55D3, 0x3D75, 0x4576, 0x2C10, 0x1B2C, 0x0A8A, 0x0082, 0x0124, 0x12ED, 0x0124, 0x00C3,
    0x00C3, 0x00C3, 0x00E3, 0x0166, 0x0125, 0x00E3, 0x1B6E, 0x0A69, 0x7CD3, 0xBE79, 0xB638, 0xB659,
    0xB639, 0xB659, 0x3B0C, 0x0965, 0x11A6, 0x11E7, 0x1289, 0x08E4, 0x0001, 0x0001, 0x0001, 0x0001,
    0x0001, 0x0001, 0x0001, 0x0001, 0x0001, 0x0001, 0x0001, 0x0001, 0x0001, 0x0001, 0x0001, 0x0001,
    0x0001, 0x0001, 0x0001, 0x0001, 0x0001, 0x0001, 0x0001, 0x0001, 0x0001, 0x0001, 0x0001, 0x0001,
    0x0001, 0x0001, 0x0001, 0x0001, 0x0001, 0x0986, 0x1B4D, 0x4DD7, 0x5618, 0x5618, 0x5638, 0x4E38,
    0x4E18, 0x5659, 0x4534, 0x09C7, 0x1249, 0x0A68, 0x0AA8, 0x132A, 0x130A, 0x0AE9, 0x130A, 0x132A,
    0x132A, 0x130A, 0x130A, 0x12E9, 0x130A, 0x132A, 0x0248, 0x0A69, 0x5C10, 0x8D55, 0x8D35, 0x8D35,
    0x8D55, 0x8D55, 0x32CB, 0x0945, 0x0986, 0x0986, 0x12AA, 0x08C4, 0x0001, 0x0001, 0x0001, 0x0001,
    0x0001, 0x0001, 0x0001, 0x0001, 0x0001, 0x0001, 0x0001, 0x0001, 0x0001, 0x0001, 0x0001, 0x0001,
    0x0001, 0x0001, 0x0001, 0x0001, 0x0001, 0x0001, 0x0001, 0x0001, 0x0001, 0x0001, 0x0001, 0x0001,
    0x0001, 0x0001, 0x0001, 0x0001, 0x0001, 0x08E4, 0x1B0B, 0x1B4C, 0x1B4C, 0x1B2C, 0x130B, 0x130B,
    0x130B, 0x130B, 0x12CA, 0x0A48, 0x0A89, 0x1B69, 0x65F1, 0x5DB0, 0x5DB0, 0x5DB0, 0x5DB0, 0x5DB0,
    0x5DB0, 0x5DB0, 0x5DB0, 0x5DB0, 0x5D90, 0x65D1, 0x552F, 0x0AA8, 0x0207, 0x01C6, 0x01C6, 0x01C6,
    0x01E6, 0x01C6, 0x0207, 0x1269, 0x1268, 0x1289, 0x1248, 0x0883, 0x0001, 0x0001, 0x0001, 0x0001,
    0x0001, 0x0001, 0x0001, 0x0001, 0x0001, 0x0001, 0x0001, 0x0001, 0x0001, 0x0001, 0x0001, 0x0001,
    0x0001, 0x0001, 0x0001, 0x0001, 0x0001, 0x0001, 0x0001, 0x0001, 0x0001, 0x0001, 0x0001, 0x0001,
    0x0001, 0x0001, 0x0001, 0x0001, 0x0001, 0x0001, 0x08A3, 0x08E4, 0x08E4, 0x1AE8, 0x552F, 0x4D0E,
    0x552F, 0x552F, 0x4D2F, 0x554F, 0x554F, 0x6E32, 0x2287, 0x00E3, 0x0904, 0x0903, 0x0904, 0x0903,
    0x0903, 0x0904, 0x0903, 0x0903, 0x0904, 0x0103, 0x4C6D, 0x6611, 0x554F, 0x5D90, 0x556F, 0x5570,
    0x556F, 0x5570, 0x4D2F, 0x0A06, 0x0904, 0x0904, 0x0883, 0x0001, 0x0001, 0x0001, 0x0001, 0x0001,
    0x0001, 0x0001, 0x0001, 0x0001, 0x0001, 0x0001, 0x0001, 0x0001, 0x0001, 0x0001, 0x0001, 0x0001,
    0x0001, 0x0001, 0x0001, 0x0001, 0x0001, 0x0001, 0x0001, 0x0001, 0x0001, 0x0001, 0x0001, 0x0001,
    0x0001, 0x0001, 0x0001, 0x0001, 0x0001, 0x0001, 0x0001, 0x0001, 0x0001, 0x1124, 0x2247, 0x2267,
    0x2267, 0x2267, 0x2287, 0x2267, 0x2287, 0x0944, 0x0001, 0x0001, 0x0001, 0x0001, 0x0001, 0x0001,
    0x0001, 0x0001, 0x0001, 0x0001, 0x0001, 0x0001, 0x0001, 0x1A06, 0x2267, 0x2267, 0x2267, 0x2267,
    0x2267, 0x2267, 0x1A27, 0x0001, 0x0001, 0x0001, 0x0001, 0x0001, 0x0001, 0x0001, 0x0001, 0x0001,
    0x0001, 0x0001, 0x0001, 0x0001, 0x0001, 0x0001, 0x0001, 0x0001, 0x0001, 0x0001, 0x0001, 0x0001,
    0x0001, 0x0001, 0x0001, 0x0001, 0x0001, 0x0001, 0x0001, 0x0001, 0x0001, 0x0001, 0x0001, 0x0001,
    0x0001, 0x0001, 0x0001, 0x0001, 0x0001, 0x0001, 0x0001, 0x0001, 0x0001, 0x0001, 0x0001, 0x0001,
    0x0001, 0x0001, 0x0001, 0x0001, 0x0001, 0x0001, 0x0001, 0x0001, 0x0001, 0x0001, 0x0001, 0x0001,
    0x0001, 0x0001, 0x0001, 0x0001, 0x0001, 0x0001, 0x0001, 0x0001, 0x0001, 0x0001, 0x0001, 0x0001,
    0x0001, 0x0001, 0x0001, 0x0001, 0x0001, 0x0001, 0x0001, 0x0001, 0x0001, 0x0001, 0x0001, 0x0001,
    0x0001, 0x0001, 0x0001, 0x0001, 0x0001, 0x0001, 0x0001, 0x0001, 0x0001, 0x0001, 0x0001, 0x0001,
    0x0001, 0x0001, 0x0001, 0x0001, 0x0001, 0x0001, 0x0001, 0x0001, 0x0001, 0x0001, 0x0001, 0x0001,
    0x0001, 0x0001, 0x0001, 0x0001, 0x0001, 0x0001, 0x0001, 0x0001, 0x0001, 0x0001, 0x0001, 0x0001,
    0x0001, 0x0001, 0x0001, 0x0001, 0x0001, 0x0001, 0x0001, 0x0001, 0x0001, 0x0001, 0x0001, 0x0001,
    0x0001, 0x0001, 0x0001, 0x0001, 0x0001, 0x0001, 0x0001, 0x0001, 0x0001, 0x0001, 0x0001, 0x0001,
    0x0001, 0x0001, 0x0001, 0x0001, 0x0001, 0x0001, 0x0001, 0x0001, 0x0001, 0x0001, 0x0001, 0x0001,
    0x0001, 0x0001, 0x0001, 0x0001, 0x0001, 0x0001, 0x0001, 0x0001, 0x0001, 0x0001, 0x0001, 0x0001,
    0x0001, 0x0001, 0x0001, 0x0001, 0x0001, 0x0001, 0x0001, 0x0001, 0x0001, 0x0001, 0x0001, 0x0001,
    0x0001, 0x0001, 0x0001, 0x0001, 0x0001, 0x0001, 0x0001, 0x0001, 0x0001, 0x0001, 0x0001, 0x0001,
    0x0001, 0x0001, 0x0001, 0x0001, 0x0001, 0x0001, 0x0001, 0x0001, 0x0001, 0x0001, 0x0001, 0x0001,
    0x0001, 0x0001, 0x0001, 0x0001, 0x0001, 0x0001, 0x0001, 0x0001, 0x0001, 0x0001, 0x0001, 0x0001,
    0x0001, 0x0001, 0x0001, 0x0001, 0x0001, 0x0001, 0x0001, 0x0001, 0x0001, 0x0001, 0x0001, 0x0001,
    0x0001, 0x0001, 0x0001, 0x0001, 0x0001, 0x0001, 0x0001, 0x0001, 0x0001, 0x0001, 0x0001, 0x0001,
    0x0001, 0x0001, 0x0001, 0x0001, 0x0001, 0x0001, 0x0001, 0x0001, 0x0001, 0x0001, 0x0001, 0x0001,
    0x0001, 0x0001, 0x0001, 0x0001, 0x0001, 0x0001, 0x0001, 0x0001, 0x0001, 0x0001, 0x0001, 0x0001,
    0x0001, 0x0001, 0x0001, 0x0001, 0x0001, 0x0001, 0x0001, 0x0001, 0x0001, 0x0001, 0x0001, 0x0001,
    0x0001, 0x0001, 0x0001, 0x0001, 0x0001, 0x0001, 0x0001, 0x0001, 0x0001, 0x0001, 0x0001, 0x0001,
    0x0001, 0x0001, 0x0001, 0x0001, 0x0001, 0x0001, 0x0001, 0x0001, 0x0001, 0x0001, 0x0001, 0x0001,
    0x0001, 0x0001, 0x0001, 0x0001, 0x0001, 0x0001, 0x0001, 0x0001, 0x0001, 0x0001, 0x0001, 0x0001,
    0x0001, 0x0001, 0x0001, 0x0001, 0x0001, 0x0001, 0x0001, 0x0001, 0x0001, 0x0001, 0x0001, 0x0001,
    0x0001, 0x0001, 0x0001, 0x0001, 0x0001, 0x0001, 0x0001, 0x0001, 0x0001, 0x0001, 0x0001, 0x0001,
    0x0001, 0x0001, 0x0001, 0x0001, 0x0001, 0x0001, 0x0001, 0x0001, 0x0001, 0x0001, 0x0001, 0x0001,
    0x0001, 0x0001, 0x0001, 0x0001, 0x0001, 0x0001, 0x0001, 0x0001, 0x0001, 0x0001, 0x0001, 0x0001,
    0x0001, 0x0001, 0x0001, 0x0001, 0x0001, 0x0001, 0x0001, 0x0001, 0x0001, 0x0001, 0x0001, 0x0001,
    0x0001, 0x0001, 0x0001, 0x0001, 0x0001, 0x0001, 0x0001, 0x0001, 0x0001, 0x0001, 0x0001, 0x0001,
    0x0001, 0x0001, 0x0001, 0x0001, 0x0001, 0x0001, 0x0001, 0x0001, 0x0001, 0x0001, 0x0001, 0x0001,
    0x0001, 0x0001, 0x0001, 0x0001, 0x0001, 0x0001, 0x0001, 0x0001, 0x0001, 0x0001, 0x0001, 0x0001,
    0x0001, 0x0001, 0x0001, 0x0001, 0x0001, 0x0001, 0x0001, 0x0001, 0x0001, 0x0001, 0x0001, 0x0001,
    0x0001, 0x0001, 0x0001, 0x0001, 0x0001, 0x0001, 0x0001, 0x0001, 0x0001, 0x0001, 0x0001, 0x0001,
    0x0001, 0x0001, 0x0001, 0x0001, 0x0001, 0x0001, 0x0001, 0x0001, 0x0001, 0x0001, 0x0001, 0x0001,
    0x0001, 0x0001, 0x0001, 0x0001, 0x0001, 0x0001, 0x0001, 0x0001, 0x0001, 0x0001, 0x0001, 0x0001,
    0x0001, 0x0001, 0x0001, 0x0001, 0x0001, 0x0001, 0x0001, 0x0001, 0x0001, 0x0001, 0x0001, 0x0001,
    0x0001, 0x0001, 0x0001, 0x0001, 0x0001, 0x0001, 0x0001, 0x0001, 0x0001, 0x0001, 0x0001, 0x0001,
    0x0001, 0x0001, 0x0001, 0x0001, 0x0001, 0x0001, 0x0001, 0x0001, 0x0001, 0x0001, 0x0001, 0x0001,
    0x0001, 0x0001, 0x0001, 0x0001, 0x0001, 0x0001, 0x0001, 0x0001, 0x0001, 0x0001, 0x0001, 0x0001,
    0x0001, 0x0001, 0x0001, 0x0001, 0x0001, 0x0001, 0x0001, 0x0001, 0x0001, 0x0001, 0x0001, 0x0001,
    0x0001, 0x0001, 0x0001, 0x0001, 0x0001, 0x0001, 0x0001, 0x0001, 0x0001, 0x0001, 0x0001, 0x0001,
    0x0001, 0x0001, 0x0001, 0x0001, 0x0001, 0x0001, 0x0001, 0x0001, 0x0001, 0x0001, 0x0001, 0x0001,
    0x0001, 0x0001, 0x0001, 0x0001, 0x0001, 0x0001, 0x0001, 0x0001, 0x0001, 0x0001, 0x0001, 0x0001,
    0x0001, 0x0001, 0x0001, 0x0001, 0x0001, 0x0001, 0x0001, 0x0001, 0x0001, 0x0001, 0x0001, 0x0001,
    0x0001, 0x0001, 0x0001, 0x0001, 0x0001, 0x0001, 0x0001, 0x0001, 0x0001, 0x0001, 0x0001, 0x0001,
    0x0001, 0x0001, 0x0001, 0x0001, 0x0001, 0x0001, 0x0001, 0x0001, 0x0001, 0x0001, 0x0001, 0x0001,
    0x0001, 0x0001, 0x0001, 0x0001, 0x0001, 0x0001, 0x0001, 0x0001, 0x0001, 0x0001, 0x0001, 0x0001,
    0x0001, 0x0001, 0x0001, 0x0001, 0x0001, 0x0001, 0x0001, 0x0001, 0x0001, 0x0001, 0x0001, 0x0001,
    0x0001, 0x0001, 0x0001, 0x0001, 0x0001, 0x0001, 0x0001, 0x0001, 0x0001, 0x0001, 0x0001, 0x0001,
    0x0001, 0x0001, 0x0001, 0x0001, 0x0001, 0x0001, 0x0001, 0x0001, 0x0001, 0x0001, 0x0001, 0x0001,
    0x0001, 0x0001, 0x0001, 0x0001, 0x0001, 0x0001, 0x0001, 0x0001, 0x0001, 0x0001, 0x0001, 0x0001,
    0x0001, 0x0001, 0x0001, 0x0001, 0x0001, 0x0001, 0x0001, 0x0001, 0x0001, 0x0001, 0x0001, 0x0001,
    0x0001, 0x0001, 0x0001, 0x0001, 0x0001, 0x0001, 0x0001, 0x0001, 0x0001, 0x0001, 0x0001, 0x0001,
};

const uint16_t CAROUSEL_ICON_SYSTEM[CAROUSEL_ICON_PIXELS] PROGMEM = {
    0x0001, 0x0001, 0x0001, 0x0001, 0x0001, 0x0001, 0x0001, 0x0001, 0x0001, 0x0001, 0x0001, 0x0001,
    0x0001, 0x0001, 0x0001, 0x0001, 0x0001, 0x0001, 0x0001, 0x0001, 0x0001, 0x0001, 0x0001, 0x0001,
    0x0001, 0x0001, 0x0001, 0x0001, 0x0001, 0x0001, 0x0001, 0x0001, 0x0001, 0x0001, 0x0001, 0x0001,
    0x0001, 0x0001, 0x0001, 0x0001, 0x0001, 0x0001, 0x0001, 0x0001, 0x0001, 0x0001, 0x0001, 0x0001,
    0x0001, 0x0001, 0x0001, 0x0001, 0x0001, 0x0001, 0x0001, 0x0001, 0x0001, 0x0001, 0x0001, 0x0001,
    0x0001, 0x0001, 0x0001, 0x0001, 0x0001, 0x0001, 0x0001, 0x0001, 0x0001, 0x0001, 0x0001, 0x0001,
    0x0001, 0x0001, 0x0001, 0x0001, 0x0001, 0x0001, 0x0001, 0x0001, 0x0001, 0x0001, 0x0001, 0x0001,
    0x0001, 0x0001, 0x0001, 0x0001, 0x0001, 0x0001, 0x0001, 0x0001, 0x0001, 0x0001, 0x0001, 0x0001,
    0x0001, 0x0001, 0x0001, 0x0001, 0x0001, 0x0001, 0x0001, 0x0001, 0x0001, 0x0001, 0x0001, 0x0001,
    0x0001, 0x0001, 0x0001, 0x0001, 0x0001, 0x0001, 0x0001, 0x0001, 0x0001, 0x0001, 0x0001, 0x0001,
    0x0001, 0x0001, 0x0001, 0x0001, 0x0001, 0x0001, 0x0001, 0x0001, 0x0001, 0x0001, 0x0001, 0x0001,
    0x0001, 0x0001, 0x0001, 0x0001, 0x0001, 0x0001, 0x0001, 0x0001, 0x0001, 0x0001, 0x0001, 0x0001,
    0x0001, 0x0001, 0x0001, 0x0001, 0x0001, 0x0001, 0x0001, 0x0001, 0x0001, 0x0001, 0x0001, 0x0001,
    0x0001, 0x0001, 0x0001, 0x0001, 0x0001, 0x0001, 0x0001, 0x0001, 0x0001, 0x0001, 0x0001, 0x0001,
    0x0001, 0x0001, 0x0001, 0x0001, 0x0001, 0x0001, 0x0001, 0x0001, 0x0001, 0x0001, 0x0001, 0x0001,
    0x0001, 0x0001, 0x0001, 0x0001, 0x0001, 0x0001, 0x0001, 0x0001, 0x0001, 0x0001, 0x0001, 0x0001,
    0x0001, 0x0001, 0x0001, 0x0001, 0x0001, 0x0001, 0x0001, 0x0001, 0x0001, 0x0001, 0x0001, 0x0001,
    0x0001, 0x0001, 0x0001, 0x0001, 0x0001, 0x0001, 0x0001, 0x0001, 0x0001, 0x0001, 0x0001, 0x0001,
    0x0001, 0x0001, 0x0001, 0x0001, 0x0001, 0x0001, 0x0001, 0x0001, 0x0001, 0x0001, 0x0001, 0x0001,
    0x0001, 0x0001, 0x0001, 0x0001, 0x0001, 0x0001, 0x0001, 0x0001, 0x0001, 0x0001, 0x0001, 0x0001,
    0x0001, 0x0001, 0x0001, 0x0001, 0x0001, 0x0001, 0x0001, 0x0001, 0x0001, 0x0001, 0x0001, 0x0001,
    0x0001, 0x0001, 0x0001, 0x0001, 0x0001, 0x0001, 0x0001, 0x0001, 0x0001, 0x0001, 0x0001, 0x0001,
    0x0001, 0x0001, 0x0001, 0x0001, 0x0001, 0x0001, 0x0001, 0x0001, 0x0001, 0x0001, 0x0001, 0x0001,
    0x0001, 0x0001, 0x0001, 0x0001, 0x0001, 0x0001, 0x0001, 0x0001, 0x0001, 0x0001, 0x0001, 0x0001,
    0x0001, 0x0001, 0x0001, 0x0001, 0x0001, 0x0001, 0x0001, 0x0001, 0x0001, 0x0001, 0x0001, 0x0001,
    0x0001, 0x0001, 0x0001, 0x0001, 0x0001, 0x0001, 0x0001, 0x0001, 0x0001, 0x0001, 0x0001, 0x0001,
    0x0001, 0x0001, 0x0001, 0x0001, 0x0001, 0x0001, 0x0001, 0x0001, 0x18A2, 0x41C3, 0x39A3, 0x41A1,
    0x41A1, 0x41A2, 0x41A2, 0x41C3, 0x3982, 0x0862, 0x0001, 0x0001, 0x0001, 0x0001, 0x0001, 0x0001,
    0x0001, 0x0001, 0x0001, 0x0001, 0x0001, 0x0001, 0x0001, 0x0001, 0x0001, 0x0001, 0x0001, 0x0001,
    0x0001, 0x0001, 0x0001, 0x0001, 0x0001, 0x0001, 0x0001, 0x0001, 0x0001, 0x0001, 0x0001, 0x0001,
    0x0001, 0x0001, 0x0001, 0x0001, 0x0001, 0x0001, 0x0001, 0x0001, 0x0001, 0x0001, 0x0001, 0x0001,
    0x0001, 0x0001, 0x0001, 0x0001, 0x0001, 0x0001, 0x0001, 0x0001, 0x0001, 0x0001, 0x0001, 0x0001,
    0x0001, 0x0001, 0x0001, 0x0001, 0x0001, 0x0001, 0x0001, 0x20E2, 0xD62B, 0xFFAF, 0xFF4D, 0xFF6D,
    0xFF6D, 0xFF6D, 0xFF6D, 0xFF6D, 0xFFB0, 0x9C47, 0x0862, 0x0001, 0x0001, 0x0001, 0x0001, 0x0001,
    0x0001, 0x0001, 0x0001, 0x0001, 0x0001, 0x0001, 0x0001, 0x0001, 0x0001, 0x0001, 0x0001, 0x0001,
    0x0001, 0x0001, 0x0001, 0x0001, 0x0001, 0x0001, 0x0001, 0x0001, 0x0001, 0x0001, 0x0001, 0x0001,
    0x0001, 0x0001, 0x0001, 0x0001, 0x0001, 0x0001, 0x0001, 0x0001, 0x0001, 0x0001, 0x0001, 0x0001,
    0x0001, 0x0001, 0x0001, 0x0001, 0x0001, 0x0001, 0x0001, 0x0001, 0x0001, 0x0001, 0x0001, 0x0001,
    0x0001, 0x0001, 0x0001, 0x0001, 0x0001, 0x0001, 0x0001, 0x7B61, 0xFF89, 0xD5B0, 0xD5F0, 0xEE0D,
    0xF629, 0xEE0B, 0xDDF0, 0xD5D2, 0xDE11, 0xFF46, 0x3961, 0x0001, 0x0001, 0x0001, 0x0001, 0x0001,
    0x0001, 0x0001, 0x0001, 0x0001, 0x0001, 0x0001, 0x0001, 0x0001, 0x0001, 0x0001, 0x0001, 0x0001,
    0x0001, 0x0001, 0x0001, 0x0001, 0x0001, 0x0001, 0x0001, 0x0001, 0x0001, 0x0001, 0x0001, 0x0001,
    0x0001, 0x0001, 0x0001, 0x0001, 0x0001, 0x0001, 0x0001, 0x0001, 0x0001, 0x0001, 0x0001, 0x0001,
    0x0001, 0x0001, 0x0001, 0x0001, 0x0001, 0x0001, 0x0001, 0x0001, 0x0001, 0x0001, 0x0001, 0x0001,
    0x0001, 0x0001, 0x0001, 0x0001, 0x0001, 0x0001, 0x0862, 0xDDE2, 0xBCA5, 0x7B6D, 0x6B0B, 0xB405,
    0xFF47, 0xE606, 0x8329, 0x738D, 0x7B6D, 0xE625, 0x9C01, 0x0001, 0x0001, 0x0001, 0x0001, 0x0001,
    0x0001, 0x0001, 0x0001, 0x0001, 0x0001, 0x0001, 0x0001, 0x0001, 0x0001, 0x0001, 0x0001, 0x0001,
    0x0001, 0x0001, 0x0001, 0x0001, 0x0001, 0x0001, 0x0001, 0x0001, 0x0001, 0x0001, 0x0001, 0x0001,
    0x0001, 0x0001, 0x0001, 0x0001, 0x0001, 0x0001, 0x0001, 0x0001, 0x0001, 0x0001, 0x0001, 0x0001,
    0x0001, 0x0001, 0x0001, 0x0001, 0x0001, 0x0001, 0x0001, 0x0001, 0x0001, 0x0001, 0x0001, 0x0001,
    0x0001, 0x0001, 0x0001, 0x0001, 0x0001, 0x0001, 0x49E1, 0xFEC4, 0x6AA4, 0x4A28, 0x4A28, 0x9BA4,
    0xFFF4, 0xE68D, 0x7AE6, 0x4207, 0x41E8, 0xA446, 0xEE43, 0x1082, 0x0001, 0x0001, 0x0001, 0x0001,
    0x0001, 0x0001, 0x0001, 0x0001, 0x0001, 0x0001, 0x0001, 0x0001, 0x0001, 0x0001, 0x0001, 0x0001,
    0x0001, 0x0001, 0x0001, 0x0001, 0x0001, 0x0001, 0x0001, 0x0001, 0x0001, 0x0001, 0x0001, 0x0001,
    0x0001, 0x0001, 0x0001, 0x0001, 0x0001, 0x0001, 0x0001, 0x0001, 0x0001, 0x0001, 0x0001, 0x0001,
    0x0001, 0x0001, 0x0001, 0x0001, 0x0001, 0x0001, 0x0001, 0x0001, 0x0001, 0x0001, 0x0001, 0x0001,
    0x0001, 0x0001, 0x0001, 0x0001, 0x0001, 0x0001, 0xB482, 0xD584, 0x49C6, 0x4A28, 0x5248, 0xABE3,
    0xFFD5, 0xEE8D, 0x82E5, 0x4A28, 0x4228, 0x6AC7, 0xFEC5, 0x6241, 0x0001, 0x0001, 0x0001, 0x0001,
    0x0001, 0x0001, 0x0001, 0x0001, 0x0001, 0x0001, 0x0001, 0x0001, 0x0001, 0x0001, 0x0001, 0x0001,
    0x0001, 0x0001, 0x0001, 0x0001, 0x0001, 0x0001, 0x0001, 0x0001, 0x0001, 0x0001, 0x0001, 0x0001,
    0x0001, 0x0001, 0x0001, 0x0001, 0x0001, 0x0001, 0x0001, 0x0001, 0x0001, 0x0001, 0x0001, 0x0001,
    0x0001, 0x0001, 0x0001, 0x0001, 0x0001, 0x0001, 0x4A04, 0x3984, 0x0862, 0x0001, 0x0001, 0x0001,
    0x0001, 0x0001, 0x0001, 0x0001, 0x0001, 0x28E1, 0xF662, 0x8343, 0x41E7, 0x4A28, 0x5248, 0xB3E2,
    0xFFD6, 0xEE8D, 0x8304, 0x4A48, 0x4228, 0x4A07, 0xC525, 0xCD01, 0x0062, 0x0001, 0x0001, 0x0001,
    0x0001, 0x0001, 0x0001, 0x0001, 0x0001, 0x0862, 0x5225, 0x2922, 0x0001, 0x0001, 0x0001, 0x0001,
    0x0001, 0x0001, 0x0001, 0x0001, 0x0001, 0x0001, 0x0001, 0x0001, 0x0001, 0x0001, 0x0001, 0x0001,
    0x0001, 0x0001, 0x0001, 0x0001, 0x0001, 0x0001, 0x0001, 0x0001, 0x0001, 0x0001, 0x0001, 0x0001,
    0x0001, 0x0001, 0x0001, 0x0001, 0x0062, 0x8B81, 0xFFEC, 0xFFD5, 0xBD28, 0x5203, 0x0863, 0x0001,
    0x0001, 0x0001, 0x0001, 0x2903, 0x7B24, 0xDE27, 0xFF4F, 0x6AA5, 0x39E7, 0x4A27, 0x6AC9, 0xCC82,
    0xFFF2, 0xFECB, 0xA3A4, 0x5A89, 0x4207, 0x41E7, 0xAC69, 0xFFB0, 0xBCE6, 0x5A44, 0x1083, 0x0001,
    0x0001, 0x0001, 0x0001, 0x1083, 0x6AC4, 0xD62C, 0xFFF4, 0xEEA5, 0x4161, 0x0001, 0x0001, 0x0001,
    0x0001, 0x0001, 0x0001, 0x0001, 0x0001, 0x0001, 0x0001, 0x0001, 0x0001, 0x0001, 0x0001, 0x0001,
    0x0001, 0x0001, 0x0001, 0x0001, 0x0001, 0x0001, 0x0001, 0x0001, 0x0001, 0x0001, 0x0001, 0x0001,
    0x0001, 0x0001, 0x0001, 0x0862, 0x9BE1, 0xFF86, 0xBD0B, 0xC5B1, 0xFFB5, 0xFFEF, 0xCD86, 0x6283,
    0x0883, 0x2943, 0x9C05, 0xF6A9, 0xFFF0, 0xFFD6, 0xDE54, 0x5AA8, 0x39E7, 0x5268, 0x5204, 0x61E0,
    0xBBA0, 0xA300, 0x4981, 0x5246, 0x5289, 0x31C7, 0x93EB, 0xF717, 0xFFF9, 0xFFD2, 0xDDE8, 0x7304,
    0x10A3, 0x18C3, 0x8364, 0xEE68, 0xFFF0, 0xE6D3, 0xACF0, 0xDE0A, 0xF704, 0x49A1, 0x0001, 0x0001,
    0x0001, 0x0001, 0x0001, 0x0001, 0x0001, 0x0001, 0x0001, 0x0001, 0x0001, 0x0001, 0x0001, 0x0001,
    0x0001, 0x0001, 0x0001, 0x0001, 0x0001, 0x0001, 0x0001, 0x0001, 0x0001, 0x0001, 0x0001, 0x0001,
    0x0001, 0x0001, 0x0862, 0xAC21, 0xFF45, 0x9BE9, 0x5AAA, 0x41E6, 0x5A89, 0xA4B0, 0xF712, 0xFFED,
    0xCD05, 0xF668, 0xFFCF, 0xEEB2, 0xACAD, 0x7B28, 0x5267, 0x4208, 0x39C7, 0x1924, 0x00E3, 0x1081,
    0x1902, 0x18E2, 0x08A2, 0x00E3, 0x2145, 0x4208, 0x4228, 0x6AC6, 0x93EA, 0xCDB2, 0xFF75, 0xFFEF,
    0xD526, 0xE5E7, 0xFFEE, 0xD611, 0x7B8D, 0x41C7, 0x41E7, 0x72EB, 0xCD47, 0xFF24, 0x51E1, 0x0001,
    0x0001, 0x0001, 0x0001, 0x0001, 0x0001, 0x0001, 0x0001, 0x0001, 0x0001, 0x0001, 0x0001, 0x0001,
    0x0001, 0x0001, 0x0001, 0x0001, 0x0001, 0x0001, 0x0001, 0x0001, 0x0001, 0x0001, 0x0001, 0x0001,
    0x0001, 0x0862, 0xB481, 0xFF45, 0xBC63, 0xCCA2, 0x8AC3, 0x5248, 0x39E7, 0x3186, 0x4A29, 0x942F,
    0xDE30, 0xCDAE, 0x8BAB, 0x49E5, 0x5246, 0x39C6, 0x41E7, 0x5247, 0x0000, 0x026A, 0x0B4E, 0x1A28,
    0x4DD7, 0x3CD4, 0x09C7, 0x0BCF, 0x0104, 0x1082, 0x5A89, 0x2987, 0x41E6, 0x5204, 0x6287, 0xA48E,
    0xE651, 0xC56F, 0x734C, 0x41E8, 0x39A6, 0x41E7, 0x5226, 0xA361, 0xD4A2, 0xE582, 0xFF43, 0x5A01,
    0x0001, 0x0001, 0x0001, 0x0001, 0x0001, 0x0001, 0x0001, 0x0001, 0x0001, 0x0001, 0x0001, 0x0001,
    0x0001, 0x0001, 0x0001, 0x0001, 0x0001, 0x0001, 0x0001, 0x0001, 0x0001, 0x0001, 0x0001, 0x0001,
    0x0862, 0xB4A1, 0xFF44, 0x9B87, 0xDD44, 0xFFF2, 0xEDE8, 0x9302, 0x5248, 0x4207, 0x39E7, 0x31A6,
    0x41E7, 0x41E7, 0x3186, 0x4A49, 0xA46C, 0x7B26, 0xAC68, 0x8324, 0x0000, 0x13B0, 0x1B6E, 0x2B6E,
    0x561A, 0x5E19, 0x0A29, 0x2493, 0x024A, 0x1060, 0xA446, 0x8BA8, 0x8B87, 0x93CA, 0x2967, 0x3186,
    0x41E7, 0x39C7, 0x2986, 0x39E7, 0x4A07, 0x6266, 0xBBC0, 0xFF0F, 0xFFEC, 0xC424, 0xC505, 0xFF44,
    0x6241, 0x0001, 0x0001, 0x0001, 0x0001, 0x0001, 0x0001, 0x0001, 0x0001, 0x0001, 0x0001, 0x0001,
    0x0001, 0x0001, 0x0001, 0x0001, 0x0001, 0x0001, 0x0001, 0x0001, 0x0001, 0x0001, 0x0001, 0x1082,
    0xB4E5, 0xFF87, 0x9366, 0x5249, 0x9B67, 0xFE8C, 0xFFFA, 0xEE09, 0x9B22, 0x5247, 0x4207, 0x4208,
    0x39E7, 0x31A7, 0x5206, 0x93A5, 0xBC82, 0xAC01, 0x6A41, 0x1880, 0x0882, 0x1BF0, 0x23F0, 0x00C3,
    0x5E19, 0x3452, 0x00C3, 0x2CF4, 0x128B, 0x0841, 0x30E0, 0x82E1, 0xB442, 0xAC43, 0x7B06, 0x39C7,
    0x39C7, 0x39E7, 0x39E7, 0x41E7, 0x6266, 0xBC00, 0xFF31, 0xFFF7, 0xE568, 0x7AE8, 0x5A69, 0xC505,
    0xFF88, 0x6AA3, 0x0001, 0x0001, 0x0001, 0x0001, 0x0001, 0x0001, 0x0001, 0x0001, 0x0001, 0x0001,
    0x0001, 0x0001, 0x0001, 0x0001, 0x0001, 0x0001, 0x0001, 0x0001, 0x0001, 0x0001, 0x0001, 0x2901,
    0xFFED, 0xEE07, 0x7A83, 0x4A28, 0x41E6, 0xA386, 0xFEAC, 0xFFFB, 0xEE2A, 0xA362, 0x5267, 0x31A6,
    0x41E7, 0x8345, 0xCCE2, 0xB400, 0x5160, 0x1820, 0x0863, 0x1925, 0x21A7, 0x11E8, 0x55D8, 0x0945,
    0x2C11, 0x1229, 0x22EC, 0x4515, 0x0946, 0x21C7, 0x10E4, 0x0042, 0x2060, 0x6A20, 0xC481, 0xBC83,
    0x6AA6, 0x3186, 0x31A6, 0x6287, 0xBC02, 0xFF32, 0xFFF9, 0xED87, 0x7AC6, 0x39C6, 0x4A49, 0x9301,
    0xFFCD, 0xCDA6, 0x0062, 0x0001, 0x0001, 0x0001, 0x0001, 0x0001, 0x0001, 0x0001, 0x0001, 0x0001,
    0x0001, 0x0001, 0x0001, 0x0001, 0x0001, 0x0001, 0x0001, 0x0001, 0x0001, 0x0001, 0x0001, 0x0862,
    0xBCE1, 0xFFA8, 0x8AA0, 0x41C6, 0x41E7, 0x4A27, 0xA386, 0xFEAC, 0xFFF6, 0xC442, 0x30A0, 0x0000,
    0x0840, 0x6A60, 0x59C0, 0x1000, 0x18C4, 0x29A6, 0x2166, 0x10E4, 0x18C2, 0x0061, 0x3452, 0x1B0D,
    0x3410, 0x12AB, 0x3493, 0x12AB, 0x0861, 0x10C2, 0x1924, 0x29A6, 0x2986, 0x1063, 0x1840, 0x7AA0,
    0x4160, 0x0000, 0x0000, 0x5141, 0xEE48, 0xFFF7, 0xE587, 0x7AC6, 0x41E6, 0x39E7, 0x4184, 0xB422,
    0xFFE9, 0x72C0, 0x0001, 0x0001, 0x0001, 0x0001, 0x0001, 0x0001, 0x0001, 0x0001, 0x0001, 0x0001,
    0x0001, 0x0001, 0x0001, 0x0001, 0x0001, 0x0001, 0x0001, 0x0001, 0x0001, 0x0001, 0x0001, 0x0001,
    0x51C1, 0xFFA7, 0xCD03, 0x4983, 0x39E7, 0x39C7, 0x5248, 0xABE7, 0xCC83, 0x5940, 0x0904, 0x11C7,
    0x1904, 0x0000, 0x10A3, 0x31C7, 0x2124, 0x1081, 0x3100, 0x6AA3, 0xB508, 0x7B45, 0x23B0, 0x1B0D,
    0x3431, 0x1ACC, 0x2C52, 0x228A, 0xA488, 0xA467, 0x5A01, 0x20C0, 0x10A2, 0x29A6, 0x29A7, 0x0042,
    0x0841, 0x1925, 0x09A7, 0x1081, 0x8220, 0xD4E5, 0x8B06, 0x41E7, 0x39C7, 0x39C7, 0x61C1, 0xF6E7,
    0xEE44, 0x1882, 0x0001, 0x0001, 0x0001, 0x0001, 0x0001, 0x0001, 0x0001, 0x0001, 0x0001, 0x0001,
    0x0001, 0x0001, 0x0001, 0x0001, 0x0001, 0x0001, 0x0001, 0x0001, 0x0001, 0x0001, 0x0001, 0x0001,
    0x0862, 0xD501, 0xFF67, 0x7A60, 0x41C6, 0x39C7, 0x39E7, 0x5267, 0x2860, 0x1165, 0x45B7, 0x4DD8,
    0x1A8A, 0x39E8, 0x31C7, 0x1081, 0x30C0, 0x8B22, 0xE66C, 0xFFF0, 0xFF4C, 0x6A80, 0x1B8F, 0x1AEC,
    0x2BD0, 0x128B, 0x2431, 0x1208, 0xAC43, 0xFFAF, 0xFFB1, 0xCD8A, 0x6A20, 0x20A0, 0x1903, 0x3A29,
    0x29A7, 0x236E, 0x5E19, 0x3C72, 0x0820, 0x3942, 0x5268, 0x31A6, 0x39C7, 0x4185, 0xA3C1, 0xFFE9,
    0x82E0, 0x0001, 0x0001, 0x0001, 0x0001, 0x0001, 0x0001, 0x0001, 0x0001, 0x0001, 0x0001, 0x0001,
    0x0001, 0x0001, 0x0001, 0x0001, 0x0001, 0x0001, 0x0001, 0x0001, 0x0001, 0x0001, 0x0001, 0x0001,
    0x0001, 0x6A20, 0xFFA7, 0xC4C3, 0x49A4, 0x31C7, 0x39C7, 0x3185, 0x0800, 0x1ACB, 0x563A, 0x665A,
    0x2BD0, 0x1925, 0x1081, 0x51E1, 0xD5A9, 0xFFF0, 0xEE69, 0xA3A1, 0x6222, 0x4249, 0x6472, 0x8514,
    0x9D76, 0x9535, 0x8555, 0x63F0, 0x4207, 0x7241, 0xBC63, 0xFF2D, 0xFFD1, 0xB466, 0x3920, 0x18C2,
    0x1986, 0x4515, 0x5DF8, 0x4DB8, 0x0104, 0x1060, 0x41E7, 0x31A6, 0x31C7, 0x59C2, 0xEE67, 0xF665,
    0x20C1, 0x0001, 0x0001, 0x0001, 0x0001, 0x0001, 0x0001, 0x0001, 0x0001, 0x0001, 0x0001, 0x0001,
    0x0001, 0x0001, 0x0001, 0x0001, 0x0001, 0x0001, 0x0001, 0x0001, 0x0001, 0x0001, 0x0001, 0x0001,
    0x0001, 0x10A2, 0xE582, 0xFF28, 0x6A21, 0x39C7, 0x31C7, 0x4207, 0x1081, 0x1986, 0x2C31, 0x5E5A,
    0x3CD4, 0x0082, 0x20C2, 0xCD86, 0xFF6C, 0xB3C1, 0x69E1, 0x3185, 0x4A8B, 0x52EC, 0x52AB, 0x528A,
    0x528A, 0x528A, 0x528A, 0x52EC, 0x530D, 0x426B, 0x3143, 0x8240, 0xC4A4, 0xFFCE, 0x8B83, 0x0841,
    0x0986, 0x4DB7, 0x55F9, 0x12CC, 0x1924, 0x18A2, 0x4A48, 0x3186, 0x3185, 0x9342, 0xFFEA, 0x9B80,
    0x0863, 0x0001, 0x0001, 0x0001, 0x0001, 0x0001, 0x0001, 0x0001, 0x0001, 0x0001, 0x0001, 0x0001,
    0x0001, 0x0001, 0x0001, 0x0001, 0x0001, 0x0001, 0x0001, 0x0001, 0x0001, 0x0001, 0x0001, 0x0001,
    0x0001, 0x0001, 0x7220, 0xFF04, 0xA3E1, 0x3986, 0x31A6, 0x5AA9, 0x39C5, 0x2104, 0x12EC, 0x02AC,
    0x33D0, 0x4515, 0x00E4, 0x41A1, 0x8281, 0xA46F, 0xAD75, 0x18E3, 0x2986, 0x4228, 0x52AA, 0x630C,
    0x6B4D, 0x6B2C, 0x630B, 0x528A, 0x4208, 0x2124, 0x39E7, 0xC659, 0x8B4A, 0x6A40, 0x2922, 0x09C8,
    0x4DD8, 0x126A, 0x0B8F, 0x1A09, 0x20E3, 0x5A68, 0x4A28, 0x31A6, 0x3964, 0xD5C2, 0xE5E3, 0x3101,
    0x0001, 0x0001, 0x0001, 0x0001, 0x0001, 0x0001, 0x0001, 0x0001, 0x0001, 0x0001, 0x0001, 0x0001,
    0x0001, 0x0001, 0x0001, 0x0001, 0x0001, 0x0001, 0x0001, 0x0001, 0x0001, 0x0001, 0x0001, 0x0001,
    0x0001, 0x0862, 0xB3A1, 0xFF6C, 0x8B43, 0x39C7, 0x31A7, 0x8B85, 0x9BE2, 0x0821, 0x130D, 0x12CC,
    0x0000, 0x3493, 0x2C93, 0x2166, 0x6B8F, 0x9535, 0x9CD3, 0x4A49, 0x5B0C, 0x528A, 0x5268, 0x6266,
    0x9BA3, 0x8B44, 0x5A68, 0x528A, 0x5ACB, 0x5AEC, 0x5AAA, 0xB5D7, 0x9535, 0x62EC, 0x11A7, 0x45B8,
    0x1AAB, 0x0000, 0x1C11, 0x09E8, 0x20A1, 0xC4E4, 0x6266, 0x31A7, 0x3986, 0xBD27, 0xFF0B, 0x69E0,
    0x0001, 0x0001, 0x0001, 0x0001, 0x0001, 0x0001, 0x0001, 0x0001, 0x0001, 0x0001, 0x0001, 0x0001,
    0x0001, 0x0001, 0x0001, 0x0001, 0x0001, 0x0001, 0x0001, 0x0001, 0x0001, 0x0001, 0x0001, 0x0001,
    0x0001, 0x5181, 0xFF29, 0xCDCA, 0x5A04, 0x5AC9, 0x5A45, 0xD540, 0x4120, 0x0000, 0x1B2D, 0x2411,
    0x0020, 0x00A2, 0x2B0C, 0x636E, 0x638E, 0x7B08, 0x8B01, 0x7AE6, 0x4207, 0x41E5, 0x41C4, 0x82A1,
    0xFFCD, 0xE668, 0x59E2, 0x41E5, 0x4206, 0x4A48, 0x8304, 0x8AE2, 0x838C, 0x6B8E, 0x63AF, 0x126A,
    0x0041, 0x00C4, 0x3D35, 0x0187, 0x0000, 0x7AC0, 0xBCC3, 0x39A6, 0x5AC9, 0x6A64, 0xFF6F, 0xE543,
    0x1882, 0x0001, 0x0001, 0x0001, 0x0001, 0x0001, 0x0001, 0x0001, 0x0001, 0x0001, 0x0001, 0x0001,
    0x0001, 0x0001, 0x0001, 0x0001, 0x0001, 0x0001, 0x0001, 0x0001, 0x0001, 0x0001, 0x0001, 0x0001,
    0x0062, 0xC421, 0xFFCE, 0x8303, 0x4A27, 0x6AA6, 0xB462, 0x9340, 0x0821, 0x18C3, 0x0AAB, 0x463A,
    0x1B4E, 0x08E4, 0x526A, 0x5B2C, 0x7A84, 0xC4C3, 0xFFEA, 0x9B82, 0x3123, 0x1881, 0x0800, 0x7220,
    0xFFF4, 0xE68C, 0x38A0, 0x0820, 0x20C2, 0x4142, 0xD564, 0xFFAA, 0xA381, 0x7B09, 0x630C, 0x41E8,
    0x0125, 0x2CB4, 0x3DD8, 0x0987, 0x10C3, 0x1820, 0xBCA1, 0x8B44, 0x6AA6, 0x39A5, 0xBCE8, 0xFFAD,
    0x7220, 0x0001, 0x0001, 0x0001, 0x0001, 0x0001, 0x0001, 0x0001, 0x0001, 0x0001, 0x0001, 0x0001,
    0x0001, 0x0001, 0x0001, 0x0001, 0x0001, 0x0001, 0x0001, 0x0001, 0x0001, 0x0001, 0x0863, 0x41A2,
    0x9BA0, 0xFF46, 0xD5E9, 0x41A4, 0x31A7, 0x6265, 0xD563, 0x30A0, 0x1904, 0x18E4, 0x0AAB, 0x0B2D,
    0x132D, 0x430D, 0x5ACB, 0x7265, 0xCD04, 0xFFEE, 0xBC02, 0x38E0, 0x1840, 0x6200, 0x7AA3, 0x8AA1,
    0xFFF4, 0xE66C, 0x71E1, 0x7AC3, 0x4100, 0x1840, 0x5140, 0xDD86, 0xFFED, 0xAB81, 0x62C9, 0x5ACB,
    0x336E, 0x12AC, 0x13F1, 0x09A7, 0x2145, 0x0842, 0x6A20, 0xCD05, 0x3985, 0x31A7, 0x6A83, 0xFF6D,
    0xEE02, 0x72E1, 0x2903, 0x0063, 0x0001, 0x0001, 0x0001, 0x0001, 0x0001, 0x0001, 0x0001, 0x0001,
    0x0001, 0x0001, 0x0001, 0x0001, 0x0001, 0x0001, 0x0001, 0x0062, 0x3162, 0x8383, 0xD5C3, 0xFF46,
    0xFFAA, 0xE6D0, 0x7B6A, 0x31A6, 0x39A7, 0xB486, 0xA3E2, 0x0820, 0x2186, 0x0021, 0x0AEC, 0x134E,
    0x0000, 0x2986, 0x6267, 0xABE1, 0xFFEF, 0xBC22, 0x30A0, 0x38E0, 0xB445, 0xFFB6, 0xF6EB, 0xAAE0,
    0xFFF5, 0xE64C, 0xA2E0, 0xFFF3, 0xEEB1, 0x8AC1, 0x2081, 0x5120, 0xE608, 0xF76C, 0x8AA1, 0x4A48,
    0x2104, 0x0062, 0x2493, 0x0187, 0x10C3, 0x1925, 0x2060, 0xCD24, 0x7B06, 0x2987, 0x39C6, 0xACCC,
    0xF750, 0xFFA9, 0xFEE5, 0xBD03, 0x62A3, 0x20C2, 0x0001, 0x0001, 0x0001, 0x0001, 0x0001, 0x0001,
    0x0001, 0x0001, 0x0001, 0x0001, 0x0001, 0x0001, 0x2922, 0xC5AD, 0xFFAD, 0xFFCA, 0xEEEF, 0xBD70,
    0x83AE, 0x4A49, 0x39C7, 0x39E7, 0x2944, 0x72A2, 0x4120, 0x0882, 0x10E4, 0x0062, 0x3D15, 0x12AC,
    0x39E7, 0x52AA, 0x5160, 0xF74B, 0xE5E7, 0x48E0, 0x38E0, 0xCD27, 0xFFFA, 0xFFF0, 0xAC02, 0x9280,
    0xFFF5, 0xEE6C, 0x79C0, 0xD5C6, 0xFFF7, 0xFFD5, 0x9B41, 0x2081, 0x7A00, 0xFF8D, 0xC545, 0x3922,
    0x5AEB, 0x1125, 0x3473, 0x23B0, 0x0021, 0x1925, 0x0000, 0x6A20, 0x5223, 0x2966, 0x39C7, 0x39A7,
    0x5AAB, 0x8C50, 0xC5F2, 0xFF4E, 0xFFAB, 0xF750, 0x9C49, 0x0882, 0x0001, 0x0001, 0x0001, 0x0001,
    0x0001, 0x0001, 0x0001, 0x0001, 0x0001, 0x0001, 0x6AE1, 0xFFE9, 0xCD90, 0x83EE, 0x5249, 0x31A6,
    0x3185, 0x39C6, 0x4208, 0x20E3, 0x0000, 0x0186, 0x0A08, 0x12AB, 0x126A, 0x3CD4, 0x3432, 0x00E4,
    0x4229, 0x5248, 0xAC23, 0xFFED, 0x8A80, 0x2060, 0xAC24, 0xFFF9, 0xF72C, 0x8AC0, 0x4005, 0xAA63,
    0xFFF5, 0xF6AE, 0x78C4, 0x48A2, 0xBC80, 0xFFF5, 0xFF92, 0x7240, 0x2880, 0xC4A4, 0xFFAC, 0x82A1,
    0x4A69, 0x2986, 0x0187, 0x4D77, 0x2BD0, 0x128B, 0x126A, 0x0A08, 0x0104, 0x0000, 0x3186, 0x39E7,
    0x3185, 0x3165, 0x39C7, 0x5ACB, 0x9C70, 0xE64F, 0xFF86, 0x2902, 0x0001, 0x0001, 0x0001, 0x0001,
    0x0001, 0x0001, 0x0001, 0x0001, 0x0001, 0x0001, 0x6AE1, 0xFEC0, 0x59C2, 0x39C6, 0x39C6, 0x41C6,
    0x41E7, 0x5247, 0x3983, 0x0000, 0x00E4, 0x2493, 0x24F5, 0x2493, 0x34F4, 0x3473, 0x01E9, 0x1104,
    0x4229, 0x59C2, 0xE688, 0xEE89, 0x38C0, 0x59A0, 0xF751, 0xFFD2, 0x9300, 0x4025, 0xB153, 0xB948,
    0xF709, 0xE527, 0xB0CC, 0x88EE, 0x4061, 0xCD42, 0xFFF8, 0xD587, 0x3080, 0x7200, 0xFFED, 0xB483,
    0x41C6, 0x39C7, 0x0105, 0x0ACD, 0x34F5, 0x2CD4, 0x24B3, 0x2515, 0x136F, 0x0061, 0x0840, 0x4A06,
    0x4207, 0x4207, 0x41E7, 0x39C6, 0x39A6, 0x8B00, 0xFF00, 0x2902, 0x0001, 0x0001, 0x0001, 0x0001,
    0x0001, 0x0001, 0x0001, 0x0001, 0x0001, 0x0001, 0x6AC1, 0xFEE0, 0x61E2, 0x6265, 0x6A63, 0x7283,
    0x7A83, 0x82A2, 0x30C0, 0x0081, 0x2411, 0x34F4, 0x0B0D, 0x134E, 0x0B0D, 0x136E, 0x12EC, 0x1125,
    0x4208, 0x4982, 0xC504, 0xA3C2, 0x2040, 0xA3C2, 0xFFF7, 0xDDE6, 0x4061, 0xA131, 0xD1B4, 0xC873,
    0xE90F, 0xE8D1, 0xB870, 0xA8F0, 0x686B, 0x61C0, 0xFF8F, 0xFF90, 0x61C0, 0x30C0, 0xD564, 0x9382,
    0x3985, 0x39E7, 0x0946, 0x1B8F, 0x132D, 0x132E, 0x132D, 0x134E, 0x4597, 0x0AAC, 0x0020, 0x4120,
    0x82C3, 0x7283, 0x7283, 0x7284, 0x6225, 0x8B00, 0xFF00, 0x2902, 0x0001, 0x0001, 0x0001, 0x0001,
    0x0001, 0x0001, 0x0001, 0x0001, 0x0001, 0x0001, 0x6AC1, 0xFEE0, 0x8A60, 0xD522, 0xE5E9, 0xE5E9,
    0xE60A, 0xE544, 0x5960, 0x2BAF, 0x5E9B, 0x2C52, 0x128B, 0x12AB, 0x12CC, 0x12CC, 0x0A6A, 0x1966,
    0x4208, 0x2103, 0x51A0, 0x4183, 0x2880, 0xC526, 0xFFF5, 0xA400, 0x5026, 0xB0B0, 0xC032, 0xFA7E,
    0xFD3F, 0xFC1E, 0xF8F9, 0xA04D, 0x90CF, 0x4881, 0xDE28, 0xFFF4, 0x8AE0, 0x1861, 0x51C1, 0x4140,
    0x2945, 0x31C7, 0x0966, 0x128B, 0x12AC, 0x12CC, 0x12AB, 0x12CC, 0x4597, 0x565A, 0x2249, 0x8A60,
    0xE5E8, 0xDDC9, 0xE5E9, 0xE5E7, 0xC441, 0xA320, 0xFF00, 0x2902, 0x0001, 0x0001, 0x0001, 0x0001,
    0x0001, 0x0001, 0x0001, 0x0001, 0x0001, 0x0001, 0x6AA1, 0xFEC0, 0xAAC0, 0xFF67, 0xFFF7, 0xFFF8,
    0xFFFA, 0xFF6C, 0x7200, 0x4598, 0x663A, 0x6639, 0x3C73, 0x3CB3, 0x3CB3, 0x3CD4, 0x2C52, 0x1986,
    0x39E7, 0x20C3, 0xA421, 0x49E2, 0x2880, 0xD5C7, 0xFFF4, 0x9320, 0x4827, 0x906C, 0xE077, 0xFC5E,
    0xFFFF, 0xFF9F, 0xF9FC, 0xB811, 0x788B, 0x4042, 0xCD86, 0xFFF4, 0x9B60, 0x1001, 0x8342, 0x7AE0,
    0x2105, 0x31A6, 0x1229, 0x3CD4, 0x3CB3, 0x3CB3, 0x3CB3, 0x3CF4, 0x6E7A, 0x5E7B, 0x3C10, 0xAB20,
    0xFFF4, 0xFFF9, 0xFFF8, 0xFFF4, 0xE5E2, 0xAB20, 0xFEE0, 0x2902, 0x0001, 0x0001, 0x0001, 0x0001,
    0x0001, 0x0001, 0x0001, 0x0001, 0x0001, 0x0001, 0x6AA1, 0xFEA0, 0x8263, 0xB427, 0xC485, 0xC485,
    0xC485, 0xBC24, 0x4100, 0x0A09, 0x3473, 0x02CD, 0x01A7, 0x01C8, 0x01E8, 0x01E8, 0x0062, 0x10E3,
    0x39E8, 0x20C3, 0x9BC0, 0x49E2, 0x2060, 0xCD66, 0xFFF5, 0x9BA0, 0x5028, 0x98AF, 0xC833, 0xFABE,
    0xF65E, 0xFD5E, 0xF95B, 0xA80E, 0x98F0, 0x4061, 0xDE08, 0xFFF3, 0x8B00, 0x0802, 0x7B42, 0x72C0,
    0x18E5, 0x31C7, 0x0041, 0x00E4, 0x0209, 0x01E8, 0x01E8, 0x01C8, 0x1390, 0x3432, 0x0124, 0x69E1,
    0xC486, 0xBC65, 0xBC65, 0xBC65, 0xA387, 0x9321, 0xFEE0, 0x28E2, 0x0001, 0x0001, 0x0001, 0x0001,
    0x0001, 0x0001, 0x0001, 0x0001, 0x0001, 0x0001, 0x6AA1, 0xFEA0, 0x59C2, 0x4207, 0x49E6, 0x4A06,
    0x4A06, 0x5227, 0x5227, 0x0882, 0x00A3, 0x24D4, 0x1D36, 0x1CD4, 0x2536, 0x3577, 0x2C11, 0x08E4,
    0x31C7, 0x2944, 0x51A0, 0x59E1, 0x2081, 0xAC21, 0xFFF6, 0xCD85, 0x4042, 0xA0D0, 0xA04D, 0xD896,
    0xF95C, 0xF91A, 0xC031, 0xA0AE, 0x788D, 0x5960, 0xF76F, 0xFFAF, 0x61E0, 0x20C2, 0x61E0, 0x3900,
    0x3185, 0x2966, 0x0966, 0x3CD4, 0x3556, 0x2515, 0x1CD4, 0x2597, 0x1390, 0x0000, 0x18E3, 0x4A27,
    0x4A07, 0x4A07, 0x49E6, 0x4A07, 0x41C7, 0x82C1, 0xFEC0, 0x20E2, 0x0001, 0x0001, 0x0001, 0x0001,
    0x0001, 0x0001, 0x0001, 0x0001, 0x0001, 0x0001, 0x6AC1, 0xFEC0, 0x59A0, 0x3986, 0x4207, 0x41E7,
    0x39C7, 0x39C7, 0x4228, 0x4208, 0x08C3, 0x0AAC, 0x0B2E, 0x0B6F, 0x132E, 0x2473, 0x3516, 0x1209,
    0x2945, 0x4183, 0xBCE5, 0xE627, 0x38C0, 0x6A00, 0xFFAE, 0xFF92, 0x7A60, 0x4827, 0xA110, 0xA0CE,
    0xA04E, 0xA06E, 0xA8D0, 0x98B0, 0x3801, 0xBCA4, 0xFFF7, 0xDDE5, 0x3080, 0x6A21, 0xEEE9, 0x8302,
    0x3185, 0x2124, 0x1B2D, 0x3D36, 0x2411, 0x132E, 0x0B4E, 0x032E, 0x0209, 0x10A3, 0x4208, 0x39E7,
    0x31A6, 0x39E7, 0x4207, 0x39C7, 0x3125, 0x9300, 0xFEE0, 0x28E2, 0x0001, 0x0001, 0x0001, 0x0001,
    0x0001, 0x0001, 0x0001, 0x0001, 0x0001, 0x0001, 0x6281, 0xFFEB, 0xD5A6, 0x7280, 0x3942, 0x3945,
    0x39C7, 0x39C7, 0x31A6, 0x4208, 0x4A8A, 0x83AC, 0x51E4, 0x08A3, 0x0862, 0x0A6A, 0x0B4E, 0x0062,
    0x2145, 0x49E5, 0xBC82, 0xFFEE, 0x92E0, 0x2860, 0xC4C2, 0xFFF6, 0xEEAD, 0x71E0, 0x4003, 0x788D,
    0x5828, 0x686B, 0x684B, 0x3840, 0xABE2, 0xFFD6, 0xFFCE, 0x7A80, 0x3080, 0xC4E6, 0xFFED, 0x82C2,
    0x31A7, 0x18E3, 0x00E4, 0x1C12, 0x0125, 0x08C3, 0x08A2, 0x72E7, 0x6B2C, 0x4229, 0x39C7, 0x31A6,
    0x39E7, 0x3986, 0x3104, 0x4161, 0x8B62, 0xF70E, 0xFF89, 0x20E2, 0x0001, 0x0001, 0x0001, 0x0001,
    0x0001, 0x0001, 0x0001, 0x0001, 0x0001, 0x0001, 0x18E2, 0x93E2, 0xEDE4, 0xFEC2, 0xE5E0, 0x9BC0,
    0x6201, 0x4163, 0x39C6, 0x31C6, 0x39C7, 0xBCE9, 0xBC44, 0x1061, 0x18E3, 0x0208, 0x134E, 0x0041,
    0x18E3, 0x2964, 0x7201, 0xF72B, 0xEE6C, 0x5140, 0x4900, 0xE604, 0xFFF6, 0xFF52, 0xB424, 0x69C0,
    0x5920, 0x5940, 0x7A60, 0xD589, 0xFFF7, 0xFFF0, 0xABE0, 0x2860, 0x8280, 0xFFD1, 0xD566, 0x4942,
    0x2964, 0x0861, 0x0104, 0x13F1, 0x0104, 0x1925, 0x28C0, 0xE5A6, 0x8368, 0x31A7, 0x31A6, 0x3185,
    0x4142, 0x6240, 0xAC60, 0xF661, 0xFEE5, 0xD5C6, 0x6AE1, 0x0882, 0x0001, 0x0001, 0x0001, 0x0001,
    0x0001, 0x0001, 0x0001, 0x0001, 0x0001, 0x0001, 0x0001, 0x0001, 0x1082, 0x59C1, 0xB3E0, 0xFE01,
    0xFEA0, 0xC500, 0x6A20, 0x41C6, 0x2966, 0x72C3, 0xEDE5, 0x30E0, 0x10C3, 0x0A4A, 0x0B2E, 0x0062,
    0x0020, 0x3186, 0x5A46, 0xB3C1, 0xFFF3, 0xCD48, 0x38E0, 0x4920, 0xCD23, 0xFFF1, 0xFFF7, 0xFFF4,
    0xF752, 0xFF72, 0xFFF5, 0xFFF6, 0xF74B, 0x9B80, 0x2861, 0x61C0, 0xF6EE, 0xF72C, 0x8281, 0x4A48,
    0x18E3, 0x0020, 0x00E4, 0x0BF1, 0x0966, 0x10A3, 0x6A41, 0xE5E5, 0x41A4, 0x31A6, 0x3984, 0x7AC0,
    0xD5C0, 0xFE81, 0xED81, 0x9B41, 0x4161, 0x0862, 0x0001, 0x0001, 0x0001, 0x0001, 0x0001, 0x0001,
    0x0001, 0x0001, 0x0001, 0x0001, 0x0001, 0x0001, 0x0001, 0x0001, 0x0001, 0x0001, 0x0062, 0x30E1,
    0x92A0, 0xFEE5, 0xDDE6, 0x51A2, 0x39E8, 0x4A06, 0xE5C5, 0x8AE2, 0x1062, 0x1ACC, 0x1BB0, 0x0041,
    0x02AB, 0x11E7, 0x3185, 0x59E2, 0xCD24, 0xF6C9, 0x8AA0, 0x28C1, 0x2860, 0x7A60, 0xC524, 0xEEA9,
    0xF74C, 0xF72C, 0xE647, 0xB461, 0x5980, 0x1841, 0x4140, 0xB3C1, 0xF70A, 0xA362, 0x41A5, 0x2144,
    0x0A4A, 0x0229, 0x00C4, 0x1C73, 0x11C7, 0x1861, 0xBCA3, 0xAC45, 0x39C7, 0x39C6, 0x6201, 0xFF68,
    0xE542, 0x69C0, 0x18A2, 0x0001, 0x0001, 0x0001, 0x0001, 0x0001, 0x0001, 0x0001, 0x0001, 0x0001,
    0x0001, 0x0001, 0x0001, 0x0001, 0x0001, 0x0001, 0x0001, 0x0001, 0x0001, 0x0001, 0x0001, 0x0001,
    0x0062, 0xC3E1, 0xFFAD, 0x7AA1, 0x5A67, 0x7B07, 0x9362, 0xE5C5, 0x2880, 0x11C8, 0x2C93, 0x2C52,
    0x24F5, 0x02AC, 0x1882, 0x39A6, 0x5A03, 0x8A60, 0xF709, 0xCD89, 0x5A03, 0x1883, 0x2040, 0x38C0,
    0x4120, 0x4120, 0x30A0, 0x1841, 0x20E3, 0x7AC4, 0xE6CB, 0xDDA4, 0x71E0, 0x49E5, 0x2965, 0x0882,
    0x1411, 0x2CB4, 0x2C93, 0x23D0, 0x08E4, 0x59C0, 0xEE25, 0x6A43, 0x8BA9, 0x4183, 0xB465, 0xFF8C,
    0x7200, 0x0001, 0x0001, 0x0001, 0x0001, 0x0001, 0x0001, 0x0001, 0x0001, 0x0001, 0x0001, 0x0001,
    0x0001, 0x0001, 0x0001, 0x0001, 0x0001, 0x0001, 0x0001, 0x0001, 0x0001, 0x0001, 0x0001, 0x0001,
    0x0001, 0x59A1, 0xFF6A, 0xC547, 0x49A3, 0x4A27, 0x49C4, 0xE5C6, 0x9B83, 0x1082, 0x11A7, 0x2C52,
    0x23F1, 0x0125, 0x130D, 0x2165, 0x3186, 0x41C5, 0x9363, 0xF6EA, 0xA443, 0x20C2, 0x31C6, 0x2125,
    0x2104, 0x2104, 0x2945, 0x31A6, 0x3101, 0xDE26, 0xDE07, 0x7AA3, 0x39C6, 0x2944, 0x11E7, 0x0AAB,
    0x0167, 0x34F5, 0x1B8F, 0x0925, 0x20A1, 0xD565, 0xB464, 0x39A5, 0x4A47, 0x59E1, 0xF70C, 0xEDC4,
    0x18A2, 0x0001, 0x0001, 0x0001, 0x0001, 0x0001, 0x0001, 0x0001, 0x0001, 0x0001, 0x0001, 0x0001,
    0x0001, 0x0001, 0x0001, 0x0001, 0x0001, 0x0001, 0x0001, 0x0001, 0x0001, 0x0001, 0x0001, 0x0001,
    0x0001, 0x1082, 0xD4C2, 0xFF8B, 0x7261, 0x3186, 0x31A7, 0x8325, 0x6A61, 0x1061, 0x1125, 0x2432,
    0x0167, 0x44F5, 0x2BF1, 0x0062, 0x2103, 0x31A6, 0x3985, 0x6224, 0x3921, 0x41C5, 0x5B0C, 0x52AA,
    0x5ACA, 0x52CA, 0x4AAB, 0x630A, 0x3142, 0x51C2, 0x51E4, 0x3186, 0x2965, 0x10A2, 0x00E4, 0x4556,
    0x236F, 0x024A, 0x1BB0, 0x08A3, 0x1880, 0x8323, 0x5A66, 0x31A6, 0x3144, 0xA403, 0xFFAB, 0x8AC0,
    0x0001, 0x0001, 0x0001, 0x0001, 0x0001, 0x0001, 0x0001, 0x0001, 0x0001, 0x0001, 0x0001, 0x0001,
    0x0001, 0x0001, 0x0001, 0x0001, 0x0001, 0x0001, 0x0001, 0x0001, 0x0001, 0x0001, 0x0001, 0x0001,
    0x0001, 0x0001, 0x7200, 0xFF45, 0x9BE1, 0x2945, 0x39E8, 0x2923, 0x0000, 0x10C3, 0x0146, 0x2493,
    0x4D77, 0x2BD0, 0x00C4, 0x10E4, 0x0020, 0x10A2, 0x2964, 0x31A6, 0x1061, 0x3163, 0x2987, 0x29C7,
    0x31C7, 0x31C7, 0x29A7, 0x31A6, 0x3121, 0x18C3, 0x31C6, 0x2143, 0x0861, 0x0061, 0x1104, 0x0125,
    0x4515, 0x3D36, 0x1BD1, 0x00C3, 0x10A2, 0x0800, 0x3185, 0x31C7, 0x3144, 0xD5E3, 0xF603, 0x30C1,
    0x0001, 0x0001, 0x0001, 0x0001, 0x0001, 0x0001, 0x0001, 0x0001, 0x0001, 0x0001, 0x0001, 0x0001,
    0x0001, 0x0001, 0x0001, 0x0001, 0x0001, 0x0001, 0x0001, 0x0001, 0x0001, 0x0001, 0x0001, 0x0001,
    0x0001, 0x1082, 0xDD01, 0xFF05, 0x7AC4, 0x2987, 0x39C7, 0x18E3, 0x0841, 0x1186, 0x3CF5, 0x86DC,
    0x3432, 0x00A3, 0x10E4, 0x3962, 0xACC5, 0x6261, 0x20A0, 0x18A1, 0x0145, 0x0A6A, 0x0186, 0x08E3,
    0x0924, 0x0904, 0x0904, 0x01C7, 0x026A, 0x00C3, 0x18C1, 0x28C0, 0x8BA4, 0x93E4, 0x20E2, 0x10E4,
    0x0125, 0x65D8, 0x767A, 0x23F1, 0x08E4, 0x0840, 0x2945, 0x31A7, 0x3186, 0xA403, 0xFF84, 0x9B00,
    0x0863, 0x0001, 0x0001, 0x0001, 0x0001, 0x0001, 0x0001, 0x0001, 0x0001, 0x0001, 0x0001, 0x0001,
    0x0001, 0x0001, 0x0001, 0x0001, 0x0001, 0x0001, 0x0001, 0x0001, 0x0001, 0x0001, 0x0001, 0x0001,
    0x0001, 0x82A0, 0xFFA1, 0xBC82, 0x41E7, 0x31A6, 0x39E7, 0x41E6, 0x0840, 0x124A, 0x5E5A, 0x55F9,
    0x1ACC, 0x0882, 0x2124, 0x4980, 0xEE87, 0xFFEF, 0xC569, 0x6241, 0x2122, 0x01E8, 0x1493, 0x01E8,
    0x02EC, 0x01A8, 0x134E, 0x0BD0, 0x0166, 0x3141, 0x8323, 0xDE6B, 0xFFED, 0xBCC2, 0x28E1, 0x2144,
    0x0082, 0x3CB4, 0x4DD8, 0x55F9, 0x00C4, 0x18C2, 0x4207, 0x31A6, 0x31A6, 0x5A26, 0xE622, 0xFEC0,
    0x3901, 0x0001, 0x0001, 0x0001, 0x0001, 0x0001, 0x0001, 0x0001, 0x0001, 0x0001, 0x0001, 0x0001,
    0x0001, 0x0001, 0x0001, 0x0001, 0x0001, 0x0001, 0x0001, 0x0001, 0x0001, 0x0001, 0x0001, 0x0001,
    0x20A2, 0xEE22, 0xEE84, 0x5A05, 0x31A7, 0x39C6, 0x41E6, 0x82C2, 0x8220, 0x18C2, 0x23B0, 0x3C73,
    0x0925, 0x10A2, 0x2966, 0x39C6, 0x4960, 0xA3C2, 0xF70B, 0xFFEF, 0xEEAB, 0x51E0, 0x1B4E, 0x12CC,
    0x2BD0, 0x126B, 0x2411, 0x09C8, 0x9382, 0xF72D, 0xFFEE, 0xE648, 0x82A0, 0x3922, 0x39C7, 0x2145,
    0x0882, 0x0A09, 0x44F5, 0x0A8B, 0x28C0, 0x92C0, 0x6A65, 0x39C6, 0x39A6, 0x31A7, 0x8B24, 0xFFA4,
    0xB400, 0x0062, 0x0001, 0x0001, 0x0001, 0x0001, 0x0001, 0x0001, 0x0001, 0x0001, 0x0001, 0x0001,
    0x0001, 0x0001, 0x0001, 0x0001, 0x0001, 0x0001, 0x0001, 0x0001, 0x0001, 0x0001, 0x0001, 0x0001,
    0x9320, 0xFFCB, 0x9BA4, 0x39A6, 0x39A6, 0x41E7, 0x8281, 0xDD86, 0xFF2F, 0x9AC0, 0x0020, 0x0000,
    0x0840, 0x6265, 0x6264, 0x28E2, 0x39C7, 0x3164, 0x4960, 0x8301, 0xCD85, 0x5A81, 0x3C73, 0x126A,
    0x2BD0, 0x124A, 0x3411, 0x230D, 0x9402, 0xBCE5, 0x7260, 0x3920, 0x31A7, 0x31A7, 0x3102, 0x72E6,
    0x3983, 0x0000, 0x0000, 0x2080, 0xCC63, 0xFF31, 0xC441, 0x6244, 0x41C6, 0x31A6, 0x49C5, 0xCD47,
    0xFF49, 0x4141, 0x0001, 0x0001, 0x0001, 0x0001, 0x0001, 0x0001, 0x0001, 0x0001, 0x0001, 0x0001,
    0x0001, 0x0001, 0x0001, 0x0001, 0x0001, 0x0001, 0x0001, 0x0001, 0x0001, 0x0001, 0x0001, 0x20C2,
    0xFF2C, 0xEE2A, 0x6242, 0x39C7, 0x41C6, 0x7A81, 0xE585, 0xFFFB, 0xFF2F, 0xBBE5, 0x83CF, 0x630C,
    0x5269, 0xBCCA, 0xFECC, 0xC4C8, 0x5A03, 0x20E2, 0x2987, 0x39E8, 0x3123, 0x1A08, 0x4515, 0x0021,
    0x2C11, 0x122A, 0x0966, 0x3D15, 0x1904, 0x3985, 0x3A09, 0x2125, 0x2902, 0x7283, 0xDDA9, 0xF68C,
    0x9BCA, 0x526A, 0x738E, 0x8B6C, 0xD4C4, 0xFFD7, 0xFF97, 0xCC60, 0x6244, 0x39A6, 0x39E7, 0x82E2,
    0xFF90, 0xBCE5, 0x0062, 0x0001, 0x0001, 0x0001, 0x0001, 0x0001, 0x0001, 0x0001, 0x0001, 0x0001,
    0x0001, 0x0001, 0x0001, 0x0001, 0x0001, 0x0001, 0x0001, 0x0001, 0x0001, 0x0001, 0x0001, 0x10A2,
    0xD5A6, 0xF6C2, 0x5160, 0x39A6, 0x7283, 0xE586, 0xFFFC, 0xFEEE, 0xAB82, 0x4A06, 0x4228, 0x6B4D,
    0x52AA, 0x3985, 0x6A83, 0xD568, 0xFE8B, 0xC4E9, 0x6AA5, 0x3185, 0x31A7, 0x2B0D, 0x1B4E, 0x00E5,
    0x6619, 0x4493, 0x00A3, 0x2411, 0x226A, 0x29A7, 0x39A5, 0x7B26, 0xDDA9, 0xFE6A, 0xBCA6, 0x5204,
    0x41E7, 0x6B2D, 0x630C, 0x39E7, 0x6245, 0xD4A4, 0xFFB7, 0xFFB7, 0xCC62, 0x6245, 0x3124, 0x7AA0,
    0xFFA6, 0x8B64, 0x0001, 0x0001, 0x0001, 0x0001, 0x0001, 0x0001, 0x0001, 0x0001, 0x0001, 0x0001,
    0x0001, 0x0001, 0x0001, 0x0001, 0x0001, 0x0001, 0x0001, 0x0001, 0x0001, 0x0001, 0x0001, 0x0001,
    0x18A2, 0xD580, 0xE620, 0x5940, 0xCCC1, 0xFFF7, 0xF6CD, 0xA362, 0x49E6, 0x39C6, 0x3185, 0x2145,
    0x1905, 0x2966, 0x2986, 0x3964, 0x8304, 0xCD07, 0xFE8B, 0xDDCB, 0x20C1, 0x0A2A, 0x134E, 0x2B6E,
    0x55F9, 0x5DF9, 0x0A09, 0x2432, 0x00A3, 0x5A44, 0xEE6D, 0xEE09, 0xB465, 0x6264, 0x3185, 0x29A7,
    0x2146, 0x1905, 0x2965, 0x31A6, 0x39C6, 0x5A26, 0xCC63, 0xFFB5, 0xFFF2, 0xA2E0, 0x7240, 0xFF20,
    0x9B80, 0x0062, 0x0001, 0x0001, 0x0001, 0x0001, 0x0001, 0x0001, 0x0001, 0x0001, 0x0001, 0x0001,
    0x0001, 0x0001, 0x0001, 0x0001, 0x0001, 0x0001, 0x0001, 0x0001, 0x0001, 0x0001, 0x0001, 0x0001,
    0x0001, 0x2082, 0xDDA0, 0xEE40, 0xC3A0, 0xE5C3, 0xA362, 0x41C6, 0x39C6, 0x31A6, 0x2925, 0x3943,
    0x5A01, 0x49A2, 0x3124, 0x2946, 0x732A, 0x3984, 0x5A23, 0x93A6, 0x2923, 0x01E8, 0x134E, 0x0946,
    0x4536, 0x2C11, 0x0105, 0x13F1, 0x00C4, 0x4A25, 0x8B65, 0x4163, 0x5246, 0x62C9, 0x2105, 0x3943,
    0x51E1, 0x51E1, 0x3124, 0x3166, 0x39C6, 0x39C6, 0x5A05, 0xC482, 0xDD63, 0xC3C0, 0xFF21, 0x9B80,
    0x0062, 0x0001, 0x0001, 0x0001, 0x0001, 0x0001, 0x0001, 0x0001, 0x0001, 0x0001, 0x0001, 0x0001,
    0x0001, 0x0001, 0x0001, 0x0001, 0x0001, 0x0001, 0x0001, 0x0001, 0x0001, 0x0001, 0x0001, 0x0001,
    0x0001, 0x0001, 0x2081, 0xDD80, 0xEE80, 0x71A0, 0x41A6, 0x39C7, 0x2945, 0x3943, 0x7B20, 0xE600,
    0xBBE0, 0xD500, 0xC540, 0x6A81, 0x4164, 0x3166, 0x3186, 0x2986, 0x632D, 0x532D, 0x0925, 0x08A1,
    0x2921, 0x20E1, 0x0061, 0x19C7, 0x638E, 0x4269, 0x2966, 0x2986, 0x3145, 0x4983, 0x8341, 0xDDE0,
    0xBC00, 0xDD20, 0xCD40, 0x6241, 0x3924, 0x3186, 0x39E7, 0x4143, 0x9AC0, 0xFF41, 0x9B60, 0x0062,
    0x0001, 0x0001, 0x0001, 0x0001, 0x0001, 0x0001, 0x0001, 0x0001, 0x0001, 0x0001, 0x0001, 0x0001,
    0x0001, 0x0001, 0x0001, 0x0001, 0x0001, 0x0001, 0x0001, 0x0001, 0x0001, 0x0001, 0x0001, 0x0001,
    0x0001, 0x0001, 0x0001, 0x2081, 0xDD80, 0xEEA0, 0x6A00, 0x59C2, 0x8B40, 0xE5E0, 0xFE20, 0x9B60,
    0x20A1, 0x59A1, 0xDCA0, 0xFE82, 0xDDA2, 0x82E1, 0x3963, 0x31A6, 0x2966, 0x5AEC, 0x738E, 0x8B47,
    0xEE48, 0xCD27, 0x72E9, 0x73AE, 0x4249, 0x2966, 0x31A6, 0x4162, 0x9BE1, 0xEE21, 0xFE21, 0xB3C0,
    0x30E1, 0x4961, 0xCC80, 0xFEA0, 0xCD20, 0x7281, 0x4961, 0x8300, 0xFF61, 0x9B40, 0x0062, 0x0001,
    0x0001, 0x0001, 0x0001, 0x0001, 0x0001, 0x0001, 0x0001, 0x0001, 0x0001, 0x0001, 0x0001, 0x0001,
    0x0001, 0x0001, 0x0001, 0x0001, 0x0001, 0x0001, 0x0001, 0x0001, 0x0001, 0x0001, 0x0001, 0x0001,
    0x0001, 0x0001, 0x0001, 0x0001, 0x20A2, 0xD560, 0xFF66, 0xFEC7, 0xFE80, 0x9B80, 0x28E1, 0x0062,
    0x0001, 0x0001, 0x0862, 0x59A1, 0xCC41, 0xFF21, 0x7AC0, 0x2945, 0x2986, 0x2945, 0x5248, 0xCCA5,
    0xFFF5, 0xFF0E, 0xABE7, 0x39C7, 0x2945, 0x29A7, 0x28E4, 0xAC60, 0xFEC1, 0xA321, 0x3901, 0x0062,
    0x0001, 0x0001, 0x0062, 0x51A1, 0xC4C0, 0xFEE1, 0xF6A9, 0xFFA4, 0x9B60, 0x0062, 0x0001, 0x0001,
    0x0001, 0x0001, 0x0001, 0x0001, 0x0001, 0x0001, 0x0001, 0x0001, 0x0001, 0x0001, 0x0001, 0x0001,
    0x0001, 0x0001, 0x0001, 0x0001, 0x0001, 0x0001, 0x0001, 0x0001, 0x0001, 0x0001, 0x0001, 0x0001,
    0x0001, 0x0001, 0x0001, 0x0001, 0x0001, 0x18A2, 0xBD05, 0x9C44, 0x28E1, 0x0001, 0x0001, 0x0001,
    0x0001, 0x0001, 0x0001, 0x0001, 0x0842, 0xDD20, 0xD580, 0x3903, 0x31A7, 0x3186, 0x3986, 0xA360,
    0xFFD6, 0xEE8C, 0x7A81, 0x39A7, 0x2986, 0x2986, 0x5181, 0xFEE0, 0x92E0, 0x0062, 0x0001, 0x0001,
    0x0001, 0x0001, 0x0001, 0x0001, 0x0062, 0x49C1, 0xBD67, 0x8B83, 0x0062, 0x0001, 0x0001, 0x0001,
    0x0001, 0x0001, 0x0001, 0x0001, 0x0001, 0x0001, 0x0001, 0x0001, 0x0001, 0x0001, 0x0001, 0x0001,
    0x0001, 0x0001, 0x0001, 0x0001, 0x0001, 0x0001, 0x0001, 0x0001, 0x0001, 0x0001, 0x0001, 0x0001,
    0x0001, 0x0001, 0x0001, 0x0001, 0x0001, 0x0001, 0x0862, 0x0001, 0x0001, 0x0001, 0x0001, 0x0001,
    0x0001, 0x0001, 0x0001, 0x0001, 0x0001, 0x82A0, 0xFF20, 0x6200, 0x3186, 0x3186, 0x39A6, 0xAB81,
    0xFFD6, 0xF68D, 0x7A82, 0x39C7, 0x31A6, 0x2904, 0x9BE0, 0xFEC1, 0x3101, 0x0001, 0x0001, 0x0001,
    0x0001, 0x0001, 0x0001, 0x0001, 0x0001, 0x0001, 0x0862, 0x0001, 0x0001, 0x0001, 0x0001, 0x0001,
    0x0001, 0x0001, 0x0001, 0x0001, 0x0001, 0x0001, 0x0001, 0x0001, 0x0001, 0x0001, 0x0001, 0x0001,
    0x0001, 0x0001, 0x0001, 0x0001, 0x0001, 0x0001, 0x0001, 0x0001, 0x0001, 0x0001, 0x0001, 0x0001,
    0x0001, 0x0001, 0x0001, 0x0001, 0x0001, 0x0001, 0x0001, 0x0001, 0x0001, 0x0001, 0x0001, 0x0001,
    0x0001, 0x0001, 0x0001, 0x0001, 0x0001, 0x28C1, 0xFEA0, 0xB480, 0x3124, 0x31C7, 0x39C7, 0xAB81,
    0xFFF5, 0xF6CC, 0x7A82, 0x39C7, 0x31A7, 0x4142, 0xEE81, 0xCCA1, 0x0862, 0x0001, 0x0001, 0x0001,
    0x0001, 0x0001, 0x0001, 0x0001, 0x0001, 0x0001, 0x0001, 0x0001, 0x0001, 0x0001, 0x0001, 0x0001,
    0x0001, 0x0001, 0x0001, 0x0001, 0x0001, 0x0001, 0x0001, 0x0001, 0x0001, 0x0001, 0x0001, 0x0001,
    0x0001, 0x0001, 0x0001, 0x0001, 0x0001, 0x0001, 0x0001, 0x0001, 0x0001, 0x0001, 0x0001, 0x0001,
    0x0001, 0x0001, 0x0001, 0x0001, 0x0001, 0x0001, 0x0001, 0x0001, 0x0001, 0x0001, 0x0001, 0x0001,
    0x0001, 0x0001, 0x0001, 0x0001, 0x0001, 0x0062, 0xBC40, 0xF6E1, 0x59A0, 0x2966, 0x2966, 0x82A2,
    0xF686, 0xE563, 0x6203, 0x2966, 0x3145, 0x9320, 0xFF83, 0x6A41, 0x0001, 0x0001, 0x0001, 0x0001,
    0x0001, 0x0001, 0x0001, 0x0001, 0x0001, 0x0001, 0x0001, 0x0001, 0x0001, 0x0001, 0x0001, 0x0001,
    0x0001, 0x0001, 0x0001, 0x0001, 0x0001, 0x0001, 0x0001, 0x0001, 0x0001, 0x0001, 0x0001, 0x0001,
    0x0001, 0x0001, 0x0001, 0x0001, 0x0001, 0x0001, 0x0001, 0x0001, 0x0001, 0x0001, 0x0001, 0x0001,
    0x0001, 0x0001, 0x0001, 0x0001, 0x0001, 0x0001, 0x0001, 0x0001, 0x0001, 0x0001, 0x0001, 0x0001,
    0x0001, 0x0001, 0x0001, 0x0001, 0x0001, 0x0001, 0x5A01, 0xFFEA, 0xC507, 0x7261, 0x6A81, 0x82E1,
    0xBBA1, 0xB381, 0x7AA1, 0x72A1, 0x82A1, 0xEE8C, 0xF6A7, 0x20A2, 0x0001, 0x0001, 0x0001, 0x0001,
    0x0001, 0x0001, 0x0001, 0x0001, 0x0001, 0x0001, 0x0001, 0x0001, 0x0001, 0x0001, 0x0001, 0x0001,
    0x0001, 0x0001, 0x0001, 0x0001, 0x0001, 0x0001, 0x0001, 0x0001, 0x0001, 0x0001, 0x0001, 0x0001,
    0x0001, 0x0001, 0x0001, 0x0001, 0x0001, 0x0001, 0x0001, 0x0001, 0x0001, 0x0001, 0x0001, 0x0001,
    0x0001, 0x0001, 0x0001, 0x0001, 0x0001, 0x0001, 0x0001, 0x0001, 0x0001, 0x0001, 0x0001, 0x0001,
    0x0001, 0x0001, 0x0001, 0x0001, 0x0001, 0x0001, 0x18A2, 0xE689, 0xFFED, 0xFF07, 0xFEE6, 0xFEA6,
    0xFE86, 0xFEA6, 0xFEE7, 0xFEE7, 0xFF27, 0xFFF0, 0x9C44, 0x0001, 0x0001, 0x0001, 0x0001, 0x0001,
    0x0001, 0x0001, 0x0001, 0x0001, 0x0001, 0x0001, 0x0001, 0x0001, 0x0001, 0x0001, 0x0001, 0x0001,
    0x0001, 0x0001, 0x0001, 0x0001, 0x0001, 0x0001, 0x0001, 0x0001, 0x0001, 0x0001, 0x0001, 0x0001,
    0x0001, 0x0001, 0x0001, 0x0001, 0x0001, 0x0001, 0x0001, 0x0001, 0x0001, 0x0001, 0x0001, 0x0001,
    0x0001, 0x0001, 0x0001, 0x0001, 0x0001, 0x0001, 0x0001, 0x0001, 0x0001, 0x0001, 0x0001, 0x0001,
    0x0001, 0x0001, 0x0001, 0x0001, 0x0001, 0x0001, 0x0001, 0x2921, 0x5A21, 0x51A1, 0x5181, 0x5161,
    0x5161, 0x5181, 0x5181, 0x59A1, 0x59E1, 0x5A21, 0x10A2, 0x0001, 0x0001, 0x0001, 0x0001, 0x0001,
    0x0001, 0x0001, 0x0001, 0x0001, 0x0001, 0x0001, 0x0001, 0x0001, 0x0001, 0x0001, 0x0001, 0x0001,
    0x0001, 0x0001, 0x0001, 0x0001, 0x0001, 0x0001, 0x0001, 0x0001, 0x0001, 0x0001, 0x0001, 0x0001,
    0x0001, 0x0001, 0x0001, 0x0001, 0x0001, 0x0001, 0x0001, 0x0001, 0x0001, 0x0001, 0x0001, 0x0001,
    0x0001, 0x0001, 0x0001, 0x0001, 0x0001, 0x0001, 0x0001, 0x0001, 0x0001, 0x0001, 0x0001, 0x0001,
    0x0001, 0x0001, 0x0001, 0x0001, 0x0001, 0x0001, 0x0001, 0x0001, 0x0001, 0x0001, 0x0001, 0x0001,
    0x0001, 0x0001, 0x0001, 0x0001, 0x0001, 0x0001, 0x0001, 0x0001, 0x0001, 0x0001, 0x0001, 0x0001,
    0x0001, 0x0001, 0x0001, 0x0001, 0x0001, 0x0001, 0x0001, 0x0001, 0x0001, 0x0001, 0x0001, 0x0001,
    0x0001, 0x0001, 0x0001, 0x0001, 0x0001, 0x0001, 0x0001, 0x0001, 0x0001, 0x0001, 0x0001, 0x0001,
    0x0001, 0x0001, 0x0001, 0x0001, 0x0001, 0x0001, 0x0001, 0x0001, 0x0001, 0x0001, 0x0001, 0x0001,
    0x0001, 0x0001, 0x0001, 0x0001, 0x0001, 0x0001, 0x0001, 0x0001, 0x0001, 0x0001, 0x0001, 0x0001,
    0x0001, 0x0001, 0x0001, 0x0001, 0x0001, 0x0001, 0x0001, 0x0001, 0x0001, 0x0001, 0x0001, 0x0001,
    0x0001, 0x0001, 0x0001, 0x0001, 0x0001, 0x0001, 0x0001, 0x0001, 0x0001, 0x0001, 0x0001, 0x0001,
    0x0001, 0x0001, 0x0001, 0x0001, 0x0001, 0x0001, 0x0001, 0x0001, 0x0001, 0x0001, 0x0001, 0x0001,
    0x0001, 0x0001, 0x0001, 0x0001, 0x0001, 0x0001, 0x0001, 0x0001, 0x0001, 0x0001, 0x0001, 0x0001,
    0x0001, 0x0001, 0x0001, 0x0001, 0x0001, 0x0001, 0x0001, 0x0001, 0x0001, 0x0001, 0x0001, 0x0001,
    0x0001, 0x0001, 0x0001, 0x0001, 0x0001, 0x0001, 0x0001, 0x0001, 0x0001, 0x0001, 0x0001, 0x0001,
    0x0001, 0x0001, 0x0001, 0x0001, 0x0001, 0x0001, 0x0001, 0x0001, 0x0001, 0x0001, 0x0001, 0x0001,
    0x0001, 0x0001, 0x0001, 0x0001, 0x0001, 0x0001, 0x0001, 0x0001, 0x0001, 0x0001, 0x0001, 0x0001,
    0x0001, 0x0001, 0x0001, 0x0001, 0x0001, 0x0001, 0x0001, 0x0001, 0x0001, 0x0001, 0x0001, 0x0001,
    0x0001, 0x0001, 0x0001, 0x0001, 0x0001, 0x0001, 0x0001, 0x0001, 0x0001, 0x0001, 0x0001, 0x0001,
    0x0001, 0x0001, 0x0001, 0x0001, 0x0001, 0x0001, 0x0001, 0x0001, 0x0001, 0x0001, 0x0001, 0x0001,
    0x0001, 0x0001, 0x0001, 0x0001, 0x0001, 0x0001, 0x0001, 0x0001, 0x0001, 0x0001, 0x0001, 0x0001,
    0x0001, 0x0001, 0x0001, 0x0001, 0x0001, 0x0001, 0x0001, 0x0001, 0x0001, 0x0001, 0x0001, 0x0001,
    0x0001, 0x0001, 0x0001, 0x0001, 0x0001, 0x0001, 0x0001, 0x0001, 0x0001, 0x0001, 0x0001, 0x0001,
    0x0001, 0x0001, 0x0001, 0x0001, 0x0001, 0x0001, 0x0001, 0x0001, 0x0001, 0x0001, 0x0001, 0x0001,
    0x0001, 0x0001, 0x0001, 0x0001, 0x0001, 0x0001, 0x0001, 0x0001, 0x0001, 0x0001, 0x0001, 0x0001,
    0x0001, 0x0001, 0x0001, 0x0001, 0x0001, 0x0001, 0x0001, 0x0001, 0x0001, 0x0001, 0x0001, 0x0001,
    0x0001, 0x0001, 0x0001, 0x0001, 0x0001, 0x0001, 0x0001, 0x0001, 0x0001, 0x0001, 0x0001, 0x0001,
    0x0001, 0x0001, 0x0001, 0x0001, 0x0001, 0x0001, 0x0001, 0x0001, 0x0001, 0x0001, 0x0001, 0x0001,
    0x0001, 0x0001, 0x0001, 0x0001, 0x0001, 0x0001, 0x0001, 0x0001, 0x0001, 0x0001, 0x0001, 0x0001,
    0x0001, 0x0001, 0x0001, 0x0001, 0x0001, 0x0001, 0x0001, 0x0001, 0x0001, 0x0001, 0x0001, 0x0001,
    0x0001, 0x0001, 0x0001, 0x0001, 0x0001, 0x0001, 0x0001, 0x0001, 0x0001, 0x0001, 0x0001, 0x0001,
    0x0001, 0x0001, 0x0001, 0x0001, 0x0001, 0x0001, 0x0001, 0x0001, 0x0001, 0x0001, 0x0001, 0x0001,
    0x0001, 0x0001, 0x0001, 0x0001, 0x0001, 0x0001, 0x0001, 0x0001, 0x0001, 0x0001, 0x0001, 0x0001,
    0x0001, 0x0001, 0x0001, 0x0001, 0x0001, 0x0001, 0x0001, 0x0001, 0x0001, 0x0001, 0x0001, 0x0001,
    0x0001, 0x0001, 0x0001, 0x0001, 0x0001, 0x0001, 0x0001, 0x0001, 0x0001, 0x0001, 0x0001, 0x0001,
    0x0001, 0x0001, 0x0001, 0x0001, 0x0001, 0x0001, 0x0001, 0x0001, 0x0001, 0x0001, 0x0001, 0x0001,
    0x0001, 0x0001, 0x0001, 0x0001, 0x0001, 0x0001, 0x0001, 0x0001, 0x0001, 0x0001, 0x0001, 0x0001,
    0x0001, 0x0001, 0x0001, 0x0001, 0x0001, 0x0001, 0x0001, 0x0001, 0x0001, 0x0001, 0x0001, 0x0001,
    0x0001, 0x0001, 0x0001, 0x0001, 0x0001, 0x0001, 0x0001, 0x0001, 0x0001, 0x0001, 0x0001, 0x0001,
    0x0001, 0x0001, 0x0001, 0x0001, 0x0001, 0x0001, 0x0001, 0x0001, 0x0001, 0x0001, 0x0001, 0x0001,
    0x0001, 0x0001, 0x0001, 0x0001, 0x0001, 0x0001, 0x0001, 0x0001, 0x0001, 0x0001, 0x0001, 0x0001,
    0x0001, 0x0001, 0x0001, 0x0001, 0x0001, 0x0001, 0x0001, 0x0001, 0x0001, 0x0001, 0x0001, 0x0001,
    0x0001, 0x0001, 0x0001, 0x0001, 0x0001, 0x0001, 0x0001, 0x0001, 0x0001, 0x0001, 0x0001, 0x0001,
    0x0001, 0x0001, 0x0001, 0x0001, 0x0001, 0x0001, 0x0001, 0x0001, 0x0001, 0x0001, 0x0001, 0x0001,
    0x0001, 0x0001, 0x0001, 0x0001, 0x0001, 0x0001, 0x0001, 0x0001, 0x0001, 0x0001, 0x0001, 0x0001,
    0x0001, 0x0001, 0x0001, 0x0001, 0x0001, 0x0001, 0x0001, 0x0001, 0x0001, 0x0001, 0x0001, 0x0001,
    0x0001, 0x0001, 0x0001, 0x0001, 0x0001, 0x0001, 0x0001, 0x0001, 0x0001, 0x0001, 0x0001, 0x0001,
    0x0001, 0x0001, 0x0001, 0x0001, 0x0001, 0x0001, 0x0001, 0x0001, 0x0001, 0x0001, 0x0001, 0x0001,
    0x0001, 0x0001, 0x0001, 0x0001, 0x0001, 0x0001, 0x0001, 0x0001, 0x0001, 0x0001, 0x0001, 0x0001,
};

const uint16_t* getCarouselIcon(uint8_t index) {
    switch (index) {
        case 0: return CAROUSEL_ICON_WIFI;
        case 1: return CAROUSEL_ICON_RADIO;
        case 2: return CAROUSEL_ICON_BLUETOOTH;
        case 3: return CAROUSEL_ICON_MONITOR;
        case 4: return CAROUSEL_ICON_SYSTEM;
        default: return CAROUSEL_ICON_WIFI;
    }
}
